,0,1,2,3,4
0,-1.9496314629249432,-1.9907082618417649,3.6617268512260512,0.021837552515650817,2.0
1,0.9526814277381206,1.9271517144700665,1.3989323620553975,0.07525383663825146,0.0
2,-0.04810612126719338,-2.2423348874491964,1.9462153772536985,0.08530867271959618,1.0
3,88.0,88.0,88.0,0.2,2.0
4,88.0,88.0,88.0,0.2,1.0
5,88.0,88.0,88.0,0.2,0.0
6,-1.8759482347207495,-1.9726102182809335,3.6269254023747868,0.23801802197321853,2.0
7,0.925877581936245,1.908517606635524,1.3961355456148803,0.23907525669390411,0.0
8,-0.04810612126719338,-2.2423348874491964,1.9462153772536985,0.2790214796349356,1.0
9,0.9032524163653366,1.892788528870378,1.3937747487536436,0.3773571577396538,0.0
10,88.0,88.0,88.0,0.4,1.0
11,88.0,88.0,88.0,0.4,2.0
12,88.0,88.0,88.0,0.4,0.0
13,-0.048282953946251886,-2.238981212354721,1.9433344345975052,0.4290615791230964,1.0
14,-1.8023477141708488,-1.9543634244566543,3.592072508025437,0.456498115614711,2.0
15,-1.7599709543883502,-1.9437785042863178,3.571963055877061,0.5834799618327671,2.0
16,88.0,88.0,88.0,0.6000000000000001,2.0
17,88.0,88.0,88.0,0.6000000000000001,1.0
18,88.0,88.0,88.0,0.6000000000000001,0.0
19,-0.04881944053170438,-2.228806612785617,1.9345940417202685,0.656662328837249,1.0
20,0.8514820563013512,1.8567976311762162,1.3883728301174636,0.693770480110024,0.0
21,-0.04923615828898065,-2.22090345839445,1.927804912194423,0.7745220933956772,1.0
22,0.8376212544764603,1.8471615633601506,1.3869265407040283,0.7784857950259425,0.0
23,88.0,88.0,88.0,0.8,1.0
24,88.0,88.0,88.0,0.8,0.0
25,88.0,88.0,88.0,0.8,2.0
26,-1.685517852485239,-1.9250372345441038,3.5365548670424523,0.8087480736447863,2.0
27,-1.6465344231938552,-1.9151490752483813,3.517974937792955,0.9278298841477678,2.0
28,0.8041713888804557,1.8239071241586204,1.383436252977278,0.9829267742463483,0.0
29,88.0,88.0,88.0,1.0,2.0
30,88.0,88.0,88.0,1.0,1.0
31,88.0,88.0,88.0,1.0,0.0
32,-0.050374155471905636,-2.1993210629329414,1.9092647608809212,1.0159158383929205,1.0
33,0.7712164614248619,1.800996767323032,1.3799976090011434,1.1843427596057563,0.0
34,-1.558477523128571,-1.8926163044669426,3.4759005317632052,1.1997793333777282,2.0
35,88.0,88.0,88.0,1.2000000000000002,2.0
36,88.0,88.0,88.0,1.2000000000000002,1.0
37,88.0,88.0,88.0,1.2000000000000002,0.0
38,-0.05181698681059719,-2.171957413002051,1.885758277964639,1.260760353280685,1.0
39,0.7419033195092819,1.780618189880763,1.3769389629456967,1.3635006524842164,0.0
40,-0.05256292479364864,-2.1578105163475296,1.8736055211004126,1.3662467088805343,1.0
41,88.0,88.0,88.0,1.4000000000000001,2.0
42,88.0,88.0,88.0,1.4000000000000001,1.0
43,88.0,88.0,88.0,1.4000000000000001,0.0
44,-1.4943602018676756,-1.876031648285333,3.4451695179041066,1.4004682273380253,2.0
45,-1.4392561830788355,-1.861654197669847,3.4186920383532278,1.5748126584299662,2.0
46,0.7040609128573587,1.754310043972044,1.3729903405780277,1.5947882386711114,0.0
47,88.0,88.0,88.0,1.6,0.0
48,88.0,88.0,88.0,1.6,1.0
49,88.0,88.0,88.0,1.6,2.0
50,-0.05484833204785937,-2.114467207689948,1.8363718645133786,1.6432662326621836,1.0
51,88.0,88.0,88.0,1.8,2.0
52,88.0,88.0,88.0,1.8,0.0
53,88.0,88.0,88.0,1.8,1.0
54,-1.3660617203247405,-1.8423728095813985,3.3834236635616657,1.809158687703362,2.0
55,-0.056729393893955676,-2.078792408789605,1.8057257682137018,1.8427731253038258,1.0
56,0.6603206595118982,1.7239016987079296,1.3684263141852027,1.8621226529045327,0.0
57,0.6414916150977197,1.7108116948842753,1.3664616192169485,1.9772031834008632,0.0
58,88.0,88.0,88.0,2.0,2.0
59,88.0,88.0,88.0,2.0,1.0
60,88.0,88.0,88.0,2.0,0.0
61,-0.05916236911241328,-2.032650437525812,1.7660879471636852,2.072144909456682,1.0
62,-1.2840884705523468,-1.8205197652128076,3.343786572141013,2.0755076635713907,2.0
63,0.6051370152372822,1.6855378763774687,1.3626682403365573,2.1993974990492227,0.0
64,88.0,88.0,88.0,2.2,0.0
65,88.0,88.0,88.0,2.2,1.0
66,88.0,88.0,88.0,2.2,2.0
67,-0.061100211917004814,-1.995898773832379,1.734516780417418,2.2365682099130044,1.0
68,-1.222888117842355,-1.8040184487102686,3.31409433164775,2.2771589116603224,2.0
69,-1.1916795811790506,-1.7955403820747127,3.29891912724344,2.380942071807509,2.0
70,88.0,88.0,88.0,2.4000000000000004,1.0
71,88.0,88.0,88.0,2.4000000000000004,2.0
72,88.0,88.0,88.0,2.4000000000000004,0.0
73,0.5690233577468886,1.660431561673605,1.3589000023104576,2.4201192080610605,0.0
74,-0.0645056634299174,-1.931313551320878,1.6790354599998139,2.499248104170282,1.0
75,88.0,88.0,88.0,2.6,2.0
76,88.0,88.0,88.0,2.6,1.0
77,88.0,88.0,88.0,2.6,0.0
78,-1.1016852350851967,-1.7708439105833316,3.2550260611408453,2.683956195119667,2.0
79,-0.0673692558760278,-1.877004818803904,1.6323820604592048,2.7017246759006497,1.0
80,0.5183594057099674,1.6252098419040482,1.3536135305464498,2.7297703166993266,0.0
81,-1.079518196297256,-1.7647023750329085,3.244183235289357,2.7594715996641574,2.0
82,88.0,88.0,88.0,2.8000000000000003,1.0
83,88.0,88.0,88.0,2.8000000000000003,0.0
84,88.0,88.0,88.0,2.8000000000000003,2.0
85,0.49894096199642984,1.6117100860551419,1.3515873353866688,2.84845317467189,0.0
86,-0.0697726938530612,-1.8314230285623705,1.5932254575823128,2.858592684647106,1.0
87,88.0,88.0,88.0,3.0,1.0
88,88.0,88.0,88.0,3.0,0.0
89,88.0,88.0,88.0,3.0,2.0
90,0.4725468497029842,1.5933608260904142,1.3488332721175091,3.009770359861713,0.0
91,-0.07248647976582595,-1.7799554136631688,1.549012693078111,3.0230648328417757,1.0
92,-1.0012004904636675,-1.7428114435106334,3.205771738423206,3.029166834231573,2.0
93,-0.9651137891363951,-1.732620690509472,3.1880170738111246,3.1549990264192624,2.0
94,88.0,88.0,88.0,3.2,0.0
95,88.0,88.0,88.0,3.2,1.0
96,88.0,88.0,88.0,3.2,2.0
97,-0.07619343159207298,-1.7096521638210311,1.488619355729216,3.2327513469594167,1.0
98,0.4317065880748579,1.5649685630996988,1.3445718420227064,3.2593804234629546,0.0
99,88.0,88.0,88.0,3.4000000000000004,2.0
100,88.0,88.0,88.0,3.4000000000000004,1.0
101,88.0,88.0,88.0,3.4000000000000004,0.0
102,-0.8905107956607786,-1.7113361529379663,3.151196254627821,3.4183972038946755,2.0
103,0.4008186304043129,1.5434951693831358,1.34134887362983,3.448163373701144,0.0
104,-0.08102930351728033,-1.6179386676392826,1.4098337501307807,3.489199528876791,1.0
105,0.3760912865803223,1.5263046514744778,1.3387687273982614,3.5992934991836245,0.0
106,88.0,88.0,88.0,3.6,1.0
107,88.0,88.0,88.0,3.6,0.0
108,88.0,88.0,88.0,3.6,2.0
109,-0.83286871206023,-1.694682537837501,3.1226352051736015,3.6250412671079406,2.0
110,-0.08411954422334186,-1.5593314953279716,1.3594878168146176,3.6434363992563337,1.0
111,88.0,88.0,88.0,3.8000000000000003,1.0
112,88.0,88.0,88.0,3.8000000000000003,0.0
113,88.0,88.0,88.0,3.8000000000000003,2.0
114,-0.7797668240394287,-1.6791730065561719,3.096234027030607,3.817929851199171,2.0
115,0.33593444901908026,1.498387506787799,1.334578608401136,3.8447265688577725,0.0
116,-0.0907207179000594,-1.434138618808866,1.251942068328249,3.9546033548925394,1.0
117,88.0,88.0,88.0,4.0,2.0
118,88.0,88.0,88.0,4.0,1.0
119,88.0,88.0,88.0,4.0,0.0
120,-0.7179603785710277,-1.6609100654854987,3.065392128905043,4.045610846750193,2.0
121,0.2998513943151932,1.4733024672258688,1.3308135635875722,4.0652612378463155,0.0
122,-0.09327682728811765,-1.3856613778422828,1.2102981560765034,4.068751971161295,1.0
123,88.0,88.0,88.0,4.2,2.0
124,88.0,88.0,88.0,4.2,0.0
125,88.0,88.0,88.0,4.2,1.0
126,0.277627079326506,1.457852061895636,1.3284945930189815,4.201093195249835,0.0
127,-0.6751638626886768,-1.6481259664470602,3.0439622803924697,4.205343611865061,2.0
128,-0.6421787823951626,-1.6381927485310983,3.0274025780819334,4.329658978568613,2.0
129,-0.10051331035028695,-1.2484197031337254,1.0924020022342193,4.375754795631609,1.0
130,88.0,88.0,88.0,4.4,0.0
131,88.0,88.0,88.0,4.4,2.0
132,88.0,88.0,88.0,4.4,1.0
133,0.2337465003383647,1.427346161856099,1.3239159245084777,4.469285260516773,0.0
134,-0.1037799627178067,-1.1864668404299066,1.0391819854440576,4.514340279046058,1.0
135,88.0,88.0,88.0,4.6000000000000005,1.0
136,88.0,88.0,88.0,4.6000000000000005,2.0
137,88.0,88.0,88.0,4.6000000000000005,0.0
138,0.20505052664390652,1.4073966414703971,1.320921676160739,4.644671106087368,0.0
139,-0.5593238864348092,-1.6129215260093597,2.9856350753646623,4.646738522466105,2.0
140,0.1903493603242731,1.3971763499302023,1.3193876998813108,4.734522613246395,0.0
141,-0.1087767542171397,-1.0917014650885362,0.957774692113562,4.738102696336523,1.0
142,88.0,88.0,88.0,4.800000000000001,1.0
143,88.0,88.0,88.0,4.800000000000001,0.0
144,88.0,88.0,88.0,4.800000000000001,2.0
145,-0.5191388613247819,-1.6004929427412211,2.9652855978157158,4.803108821535814,2.0
146,-0.11333433350285155,-1.0052658570155977,0.8835230060389156,4.954202182032958,1.0
147,88.0,88.0,88.0,5.0,1.0
148,88.0,88.0,88.0,5.0,2.0
149,88.0,88.0,88.0,5.0,0.0
150,-0.45990272354072315,-1.5819568501268284,2.935173476141638,5.036849537985542,2.0
151,0.13992393632266514,1.362120455511397,1.3141261170506158,5.042715871330046,0.0
152,-0.1163526459932928,-0.94802282094087,0.8343489209674755,5.106261360703002,1.0
153,88.0,88.0,88.0,5.2,2.0
154,88.0,88.0,88.0,5.2,0.0
155,88.0,88.0,88.0,5.2,1.0
156,-0.41090809510463505,-1.566423287023491,2.910159263152502,5.233219130642618,2.0
157,0.09756216235566204,1.3326704329288759,1.3097059265019857,5.301625209141019,0.0
158,-0.12047079947982257,-0.8699210308388692,0.7672563218660954,5.327560483320081,1.0
159,88.0,88.0,88.0,5.4,2.0
160,88.0,88.0,88.0,5.4,0.0
161,88.0,88.0,88.0,5.4,1.0
162,-0.35396005957852017,-1.5481266219297454,2.880955147485022,5.465097409368927,2.0
163,0.0707372354981269,1.3140216694860551,1.3069069103829787,5.465575473710252,0.0
164,-0.12366217636228331,-0.8093957861568497,0.7152626867437725,5.511306731922004,1.0
165,88.0,88.0,88.0,5.6000000000000005,2.0
166,88.0,88.0,88.0,5.6000000000000005,0.0
167,88.0,88.0,88.0,5.6000000000000005,1.0
168,-0.31349386808571805,-1.5349604303462172,2.860114962817285,5.632345798028592,2.0
169,0.03749261663889454,1.2909099183843586,1.3034380388907496,5.668762013096599,0.0
170,-0.12640501841317536,-0.7573771144773176,0.670576542159594,5.681376010261584,1.0
171,88.0,88.0,88.0,5.800000000000001,1.0
172,88.0,88.0,88.0,5.800000000000001,2.0
173,88.0,88.0,88.0,5.800000000000001,0.0
174,0.010445572079190515,1.2721067380998365,1.3006158461557547,5.834069830520664,0.0
175,-0.26170745560290626,-1.5179016680534134,2.833332738743213,5.849529812245037,2.0
176,88.0,88.0,88.0,6.0,1.0
177,88.0,88.0,88.0,6.0,2.0
178,88.0,88.0,88.0,6.0,0.0
179,-0.22232323212674548,-1.5047640925712436,2.812876628647261,6.017169691353293,2.0
180,-0.02095869689966163,1.2502744033318176,1.2973390038536574,6.026008404483258,0.0
181,-0.1316313412966707,-0.6582586201843817,0.5854297434441824,6.032437679166769,1.0
182,-0.13344857824017126,-0.6237942762032443,0.5558234769168896,6.165601820847159,1.0
183,88.0,88.0,88.0,6.2,0.0
184,88.0,88.0,88.0,6.2,2.0
185,88.0,88.0,88.0,6.2,1.0
186,-0.057912448108716874,1.224584053148106,1.2934831072153834,6.251864650792029,0.0
187,-0.16619569992092526,-1.4857840189525904,2.783586291423922,6.259947804426041,2.0
188,-0.13565419423900288,-0.5819642282582557,0.5198897725357305,6.343388134653157,1.0
189,88.0,88.0,88.0,6.4,0.0
190,88.0,88.0,88.0,6.4,1.0
191,88.0,88.0,88.0,6.4,2.0
192,-0.13340825812623353,-1.4745504128756404,2.766397782091333,6.403967629670623,2.0
193,-0.13754414285167493,-0.5461208896519367,0.4890988938064711,6.512656542263405,1.0
194,-0.10800913723798891,1.1897566961229777,1.2882558258465873,6.558048726536475,0.0
195,88.0,88.0,88.0,6.6000000000000005,2.0
196,88.0,88.0,88.0,6.6000000000000005,1.0
197,88.0,88.0,88.0,6.6000000000000005,0.0
198,-0.11750440432815125,1.1831555601448158,1.2872650531305687,6.616082493407692,0.0
199,-0.06902309066369611,-1.4521595837198749,2.732467132685146,6.691762324000075,2.0
200,-0.13974566285945197,-0.5043685231810972,0.45323192095599624,6.73447673170264,1.0
201,-0.058843826977098,-1.4485778257334276,2.727080347134618,6.737890765880957,2.0
202,88.0,88.0,88.0,6.800000000000001,2.0
203,88.0,88.0,88.0,6.800000000000001,0.0
204,88.0,88.0,88.0,6.800000000000001,1.0
205,-0.166266541268705,1.1492559874973183,1.2821770240739119,6.914109969673458,0.0
206,-0.1415125499621396,-0.47085907627014023,0.42444594966430593,6.937936798488385,1.0
207,88.0,88.0,88.0,7.0,2.0
208,88.0,88.0,88.0,7.0,0.0
209,88.0,88.0,88.0,7.0,1.0
210,0.00413134393594089,-1.4261518761774994,2.693611449052075,7.027284527703982,2.0
211,-0.19605239794942853,1.1285487774411407,1.2790690531403637,7.0961570301989605,0.0
212,-0.1430235475189202,-0.44220263730779374,0.3998289086404968,7.140929738580251,1.0
213,88.0,88.0,88.0,7.2,1.0
214,88.0,88.0,88.0,7.2,0.0
215,88.0,88.0,88.0,7.2,2.0
216,-0.14381028726418849,-0.4272819252336008,0.38701141300827696,7.2677619335861,1.0
217,0.06610760131412896,-1.4036084578287777,2.6604201121284037,7.319203420928195,2.0
218,-0.24216318956596034,1.096492427405787,1.2742576756599966,7.3779798483999945,0.0
219,88.0,88.0,88.0,7.4,1.0
220,88.0,88.0,88.0,7.4,2.0
221,88.0,88.0,88.0,7.4,0.0
222,0.09011075994880247,-1.3947436265277084,2.6474935795146695,7.434275266820461,2.0
223,-0.25416440203444773,1.0881491512604138,1.2730054229576753,7.451329608860101,0.0
224,-0.1453666481057163,-0.3977651604589083,0.36165531728739986,7.58139274819051,1.0
225,88.0,88.0,88.0,7.6000000000000005,2.0
226,88.0,88.0,88.0,7.6000000000000005,1.0
227,88.0,88.0,88.0,7.6000000000000005,0.0
228,0.1289419120764821,-1.380235831988826,2.626492416402156,7.622939639547049,2.0
229,-0.2938575796327012,1.0605543442641079,1.2688636840257421,7.693928852592958,0.0
230,88.0,88.0,88.0,7.800000000000001,1.0
231,88.0,88.0,88.0,7.800000000000001,2.0
232,88.0,88.0,88.0,7.800000000000001,0.0
233,-0.14624793950139198,-0.3810512531631022,0.3472973943748695,7.81818456917403,1.0
234,0.18185967717918772,-1.3601162654581906,2.5976859974026496,7.885290615924296,2.0
235,-0.32802268309764393,1.0368026697152455,1.265298765626755,7.902741267324264,0.0
236,-0.1466867907795695,-0.3727283311238128,0.34014766744793473,7.995055228204345,1.0
237,88.0,88.0,88.0,8.0,2.0
238,88.0,88.0,88.0,8.0,1.0
239,88.0,88.0,88.0,8.0,0.0
240,0.21316696636160792,-1.348012909755168,2.58053632913869,8.043513376071406,2.0
241,-0.3602701854584519,1.0143841167647614,1.2619339371079303,8.099833567774146,0.0
242,-0.14690696863011934,-0.3685526042294651,0.3365605490206435,8.172532216273536,1.0
243,88.0,88.0,88.0,8.200000000000001,0.0
244,88.0,88.0,88.0,8.200000000000001,2.0
245,88.0,88.0,88.0,8.200000000000001,1.0
246,-0.3833172944108586,0.9983617027922282,1.2595291130501838,8.240694328751081,0.0
247,0.2693373336664512,-1.3258992028632404,2.549553794858611,8.333380378655173,2.0
248,88.0,88.0,88.0,8.4,2.0
249,88.0,88.0,88.0,8.4,0.0
250,88.0,88.0,88.0,8.4,1.0
251,0.28296601491986095,-1.3204527553226988,2.5419931174803443,8.404928764970778,2.0
252,-0.43377743655149803,0.9632816722270167,1.25426390759523,8.549099779326804,0.0
253,88.0,88.0,88.0,8.6,1.0
254,88.0,88.0,88.0,8.6,0.0
255,88.0,88.0,88.0,8.6,2.0
256,-0.45130527395661507,0.9510962711197464,1.2524349855747223,8.656227511497608,0.0
257,0.33766551906321585,-1.2982544154713822,2.511466572333321,8.697185601625828,2.0
258,0.34953877000075806,-1.2933612853467225,2.504800398137035,8.761746903094929,2.0
259,88.0,88.0,88.0,8.8,0.0
260,88.0,88.0,88.0,8.8,1.0
261,88.0,88.0,88.0,8.8,2.0
262,-0.4863347204683926,0.9267437028909319,1.248779878295322,8.870322672085399,0.0
263,88.0,88.0,88.0,9.0,2.0
264,88.0,88.0,88.0,9.0,0.0
265,88.0,88.0,88.0,9.0,1.0
266,0.3963659211706746,-1.2737870975596506,2.4783617437393524,9.02052292324661,2.0
267,-0.5268792322876825,0.8985570459863969,1.2445493078739314,9.118125153520152,0.0
268,0.42459447055746113,-1.2617638635747563,2.462304260754614,9.179879298999241,2.0
269,88.0,88.0,88.0,9.200000000000001,2.0
270,88.0,88.0,88.0,9.200000000000001,1.0
271,88.0,88.0,88.0,9.200000000000001,0.0
272,-0.5588199663814206,0.8763517591847725,1.2412164887368617,9.313342528501844,0.0
273,88.0,88.0,88.0,9.4,1.0
274,88.0,88.0,88.0,9.4,0.0
275,88.0,88.0,88.0,9.4,2.0
276,-0.5805112605718253,0.8612719113897034,1.2389531356099917,9.445916736075757,0.0
277,0.4757424123279954,-1.2395178331691399,2.4329626230317163,9.47555083283234,2.0
278,88.0,88.0,88.0,9.600000000000001,2.0
279,88.0,88.0,88.0,9.600000000000001,1.0
280,88.0,88.0,88.0,9.600000000000001,0.0
281,0.5049133217267417,-1.2265461974729495,2.416076237063374,9.648452860390552,2.0
282,-0.6180603608815742,0.8351676728623741,1.2350351179550183,9.67541167422843,0.0
283,88.0,88.0,88.0,9.8,2.0
284,88.0,88.0,88.0,9.8,0.0
285,88.0,88.0,88.0,9.8,1.0
286,-0.6402142101477748,0.8197662554975685,1.2327235000511385,9.810812954825034,0.0
287,0.5354797057169673,-1.2127163818533098,2.398254818663897,9.833199687110774,2.0
288,88.0,88.0,88.0,10.0,1.0
289,88.0,88.0,88.0,10.0,0.0
290,88.0,88.0,88.0,10.0,2.0
291,0.5677447254671196,-1.1978374430573526,2.379292822928159,10.032432322943121,2.0
292,-0.693260884010345,0.7828880609158877,1.2271884059206086,10.135026931641272,0.0
293,88.0,88.0,88.0,10.200000000000001,0.0
294,88.0,88.0,88.0,10.200000000000001,1.0
295,88.0,88.0,88.0,10.200000000000001,2.0
296,-0.7164720954233217,0.7667515624582856,1.2247664587804863,10.276890664293388,0.0
297,0.6089172997537841,-1.1784007154964344,2.3548549434233674,10.293436197038986,2.0
298,88.0,88.0,88.0,10.4,1.0
299,88.0,88.0,88.0,10.4,0.0
300,88.0,88.0,88.0,10.4,2.0
301,-0.7523177044313243,0.7418315958017385,1.2210261899647734,10.495974097837085,0.0
302,0.6436008297308358,-1.1616032884561591,2.3340416070455214,10.519680782068258,2.0
303,88.0,88.0,88.0,10.600000000000001,1.0
304,88.0,88.0,88.0,10.600000000000001,2.0
305,88.0,88.0,88.0,10.600000000000001,0.0
306,0.6686198746485368,-1.1492262282932044,2.3188885613363093,10.686795505003762,2.0
307,-0.7861483613338752,0.7183124294292984,1.2174961690074102,10.702742421164913,0.0
308,88.0,88.0,88.0,10.8,1.0
309,88.0,88.0,88.0,10.8,0.0
310,88.0,88.0,88.0,10.8,2.0
311,0.6865796651181251,-1.140198267665647,2.3079343895985582,10.808910567200373,2.0
312,-0.8256012506375606,0.6908846715208532,1.2133795026810157,10.943873055880621,0.0
313,88.0,88.0,88.0,11.0,1.0
314,88.0,88.0,88.0,11.0,0.0
315,88.0,88.0,88.0,11.0,2.0
316,0.7178371750508226,-1.12418201793254,2.288706909867602,11.026010549266415,2.0
317,-0.8422328894813719,0.6793223101354188,1.2116440934679147,11.045523345670576,0.0
318,88.0,88.0,88.0,11.200000000000001,2.0
319,88.0,88.0,88.0,11.200000000000001,1.0
320,88.0,88.0,88.0,11.200000000000001,0.0
321,0.7498179340986078,-1.1073658300685338,2.268804684564377,11.2545901136435,2.0
322,-0.883669674583313,0.6505153423736395,1.2073204198178007,11.298779278722762,0.0
323,88.0,88.0,88.0,11.4,0.0
324,88.0,88.0,88.0,11.4,2.0
325,88.0,88.0,88.0,11.4,1.0
326,0.776892344921406,-1.0927603046621757,2.2517581176421055,11.453653830173936,2.0
327,-0.9257588348555346,0.6212548415867325,1.20292867483139,11.556022439115171,0.0
328,88.0,88.0,88.0,11.600000000000001,0.0
329,88.0,88.0,88.0,11.600000000000001,2.0
330,88.0,88.0,88.0,11.600000000000001,1.0
331,0.8148285239512749,-1.071668252987827,2.2275370802668486,11.742007508028065,2.0
332,88.0,88.0,88.0,11.8,1.0
333,88.0,88.0,88.0,11.8,0.0
334,88.0,88.0,88.0,11.8,2.0
335,-0.9713401713039317,0.5895665702505887,1.1981725427411696,11.834609300127795,0.0
336,0.8338388610707095,-1.06079812608769,2.215238654529844,11.891025867289226,2.0
337,-0.9806075783625453,0.5831238431974163,1.1972055458178892,11.891250417816572,0.0
338,88.0,88.0,88.0,12.0,1.0
339,88.0,88.0,88.0,12.0,0.0
340,88.0,88.0,88.0,12.0,2.0
341,0.8541799205778153,-1.0489249724889542,2.201949721053093,12.054116314009075,2.0
342,-1.0193694357093301,0.556176492619217,1.1931609844256996,12.128157560227478,0.0
343,88.0,88.0,88.0,12.200000000000001,1.0
344,88.0,88.0,88.0,12.200000000000001,2.0
345,88.0,88.0,88.0,12.200000000000001,0.0
346,0.8742457781143826,-1.0369494665852206,2.1886997869881895,12.218954891728016,2.0
347,-1.0583336213694812,0.5290884828372184,1.18909531131852,12.366301305469865,0.0
348,88.0,88.0,88.0,12.4,1.0
349,88.0,88.0,88.0,12.4,2.0
350,88.0,88.0,88.0,12.4,0.0
351,0.9074598972632972,-1.016497688086634,2.166430887437819,12.50126718233148,2.0
352,-1.0850249878466296,0.5105325709407371,1.1863102314036844,12.52943526735851,0.0
353,88.0,88.0,88.0,12.600000000000001,0.0
354,88.0,88.0,88.0,12.600000000000001,1.0
355,88.0,88.0,88.0,12.600000000000001,2.0
356,0.9201919992836416,-1.0084310130673049,2.1577730359409104,12.61289773876774,2.0
357,-1.1257699756441784,0.48220654258089957,1.1820587425470785,12.77846303040726,0.0
358,88.0,88.0,88.0,12.8,2.0
359,88.0,88.0,88.0,12.8,0.0
360,88.0,88.0,88.0,12.8,1.0
361,0.9499432932930052,-0.9890366148407393,2.13725040281695,12.881940030957962,2.0
362,88.0,88.0,88.0,13.0,2.0
363,88.0,88.0,88.0,13.0,0.0
364,88.0,88.0,88.0,13.0,1.0
365,-1.1674934266492059,0.4532002838893752,1.1777051570732429,13.033471026043012,0.0
366,0.9675172496752424,-0.9771880296549693,2.1249177024369086,13.04676276470776,2.0
367,-1.1942849580250376,0.4345747370779232,1.1749096255673381,13.197217182019898,0.0
368,88.0,88.0,88.0,13.200000000000001,0.0
369,88.0,88.0,88.0,13.200000000000001,1.0
370,88.0,88.0,88.0,13.200000000000001,2.0
371,-1.2133456941780505,0.4213236605157625,1.1729207549912593,13.313713780566745,0.0
372,0.9952660661555228,-0.9578100130577365,2.105086320935845,13.317079686204558,2.0
373,88.0,88.0,88.0,13.4,1.0
374,88.0,88.0,88.0,13.4,2.0
375,88.0,88.0,88.0,13.4,0.0
376,1.0104227464193143,-0.946841234609075,2.094048479965366,13.470508512396048,2.0
377,88.0,88.0,88.0,13.600000000000001,0.0
378,88.0,88.0,88.0,13.600000000000001,2.0
379,88.0,88.0,88.0,13.600000000000001,1.0
380,-1.261480996061493,0.38785986533598427,1.1678981323171858,13.607910127152254,0.0
381,1.0297584835736104,-0.9324057748214019,2.0797304423535636,13.672892743591781,2.0
382,-1.2904781884506868,0.36770093687947886,1.16487245365143,13.78513697996799,0.0
383,88.0,88.0,88.0,13.8,2.0
384,88.0,88.0,88.0,13.8,1.0
385,88.0,88.0,88.0,13.8,0.0
386,1.0452168204218448,-0.9204707839820033,2.068072527083851,13.840621687260757,2.0
387,-1.319935898786806,0.3472218550708695,1.1617987227705322,13.965178455154863,0.0
388,88.0,88.0,88.0,14.0,0.0
389,88.0,88.0,88.0,14.0,2.0
390,88.0,88.0,88.0,14.0,1.0
391,1.0668777767440873,-0.9030809542275522,2.051380382408339,14.085665603849561,2.0
392,-1.3573728677014756,0.3211955705999466,1.1578924053369215,14.193988061638697,0.0
393,88.0,88.0,88.0,14.200000000000001,0.0
394,88.0,88.0,88.0,14.200000000000001,1.0
395,88.0,88.0,88.0,14.200000000000001,2.0
396,1.0833270596615356,-0.8892863858845949,2.0383892049844325,14.280604931834754,2.0
397,-1.3851130724107237,0.30191050345975884,1.1549978856039096,14.363532378588376,0.0
398,88.0,88.0,88.0,14.4,2.0
399,88.0,88.0,88.0,14.4,0.0
400,88.0,88.0,88.0,14.4,1.0
401,1.1022410356342058,-0.8726979568689377,2.0230623142294135,14.515684380488524,2.0
402,-1.4215083720596153,0.2766083903473011,1.1512002599509352,14.585975445747613,0.0
403,88.0,88.0,88.0,14.600000000000001,2.0
404,88.0,88.0,88.0,14.600000000000001,1.0
405,88.0,88.0,88.0,14.600000000000001,0.0
406,1.1091401421937788,-0.8664295307804395,2.017355153202467,14.604704507520006,2.0
407,88.0,88.0,88.0,14.8,2.0
408,88.0,88.0,88.0,14.8,1.0
409,88.0,88.0,88.0,14.8,0.0
410,1.1238795693045516,-0.8525970661093782,2.0049264386283334,14.801512401077568,2.0
411,-1.4573798040861876,0.2516704714567278,1.1474572966620704,14.805216706030183,0.0
412,-1.4783375807386208,0.23710056708552865,1.1452704815784636,14.933307755269489,0.0
413,88.0,88.0,88.0,15.0,0.0
414,88.0,88.0,88.0,15.0,2.0
415,88.0,88.0,88.0,15.0,1.0
416,1.147511485204618,-0.8289581055314766,1.9842170670697814,15.13902942842221,2.0
417,-1.5178061329061665,0.20966192031074957,1.1411521809285665,15.174534119255492,0.0
418,88.0,88.0,88.0,15.200000000000001,2.0
419,88.0,88.0,88.0,15.200000000000001,1.0
420,88.0,88.0,88.0,15.200000000000001,0.0
421,1.1576171772269217,-0.8181922071843274,1.97500930941555,15.293243918726269,2.0
422,-1.5466735940821872,0.189593181352932,1.1381400389169363,15.350968072734146,0.0
423,88.0,88.0,88.0,15.4,2.0
424,88.0,88.0,88.0,15.4,0.0
425,88.0,88.0,88.0,15.4,1.0
426,1.1695350935607536,-0.8048848656988442,1.9638233442732942,15.484298425368818,2.0
427,88.0,88.0,88.0,15.600000000000001,2.0
428,88.0,88.0,88.0,15.600000000000001,1.0
429,88.0,88.0,88.0,15.600000000000001,0.0
430,-1.590110949106366,0.15939541184064748,1.133607618100827,15.616451214075923,0.0
431,1.1827663480327573,-0.7891949373810246,1.9509142454555104,15.710183101149296,2.0
432,88.0,88.0,88.0,15.8,1.0
433,88.0,88.0,88.0,15.8,0.0
434,88.0,88.0,88.0,15.8,2.0
435,-1.624853235906185,0.1352424778388736,1.129982474171067,15.828791293988218,0.0
436,1.192244715873776,-0.7772432339905456,1.9412854680170626,15.882705391935234,2.0
437,-1.649374231318979,0.11819541391716012,1.1274238591269694,15.978660246354037,0.0
438,88.0,88.0,88.0,16.0,2.0
439,88.0,88.0,88.0,16.0,0.0
440,88.0,88.0,88.0,16.0,1.0
441,1.205739540732313,-0.7589474457510634,1.92689148616507,16.147575006478476,2.0
442,88.0,88.0,88.0,16.2,2.0
443,88.0,88.0,88.0,16.2,0.0
444,88.0,88.0,88.0,16.2,1.0
445,-1.6910417493816214,0.0892280399620878,1.1230761099116313,16.23332638753662,0.0
446,1.2129630042385582,-0.7483909580408664,1.9187781542134372,16.300829695947712,2.0
447,-1.7147385171649587,0.07275398137106569,1.120603497950891,16.378157773961167,0.0
448,1.2169578668234462,-0.7422755491357166,1.9141427317978117,16.38975474981761,2.0
449,88.0,88.0,88.0,16.400000000000002,1.0
450,88.0,88.0,88.0,16.400000000000002,0.0
451,88.0,88.0,88.0,16.400000000000002,2.0
452,-1.7499719638726177,0.04825959164109717,1.116927104505844,16.593499755696488,0.0
453,88.0,88.0,88.0,16.6,0.0
454,88.0,88.0,88.0,16.6,1.0
455,88.0,88.0,88.0,16.6,2.0
456,1.2289931446865627,-0.7223651063372922,1.8993817816012992,16.680013017116874,2.0
457,-1.766291842214112,0.03691396702029222,1.1152242255835387,16.693244608162846,0.0
458,88.0,88.0,88.0,16.8,1.0
459,88.0,88.0,88.0,16.8,0.0
460,88.0,88.0,88.0,16.8,2.0
461,1.2380712241929768,-0.7053889980654855,1.8871996027386686,16.9283928926961,2.0
462,88.0,88.0,88.0,17.0,0.0
463,88.0,88.0,88.0,17.0,2.0
464,88.0,88.0,88.0,17.0,1.0
465,1.2409288886992167,-0.6995726440381222,1.8831118583745363,17.01368471399932,2.0
466,-1.8215894595829913,-0.0015290897209482082,1.109454259343549,17.031216042188557,0.0
467,88.0,88.0,88.0,17.2,2.0
468,88.0,88.0,88.0,17.2,0.0
469,88.0,88.0,88.0,17.2,1.0
470,-1.8604207267088155,-0.028524694169765715,1.105402455467852,17.26854740762522,0.0
471,-1.8714663169582344,-0.03620361910185289,1.1042499160661134,17.33605653647889,0.0
472,1.2507577148916735,-0.6770739415210272,1.8677172770256734,17.34453934481536,2.0
473,88.0,88.0,88.0,17.400000000000002,1.0
474,88.0,88.0,88.0,17.400000000000002,2.0
475,88.0,88.0,88.0,17.400000000000002,0.0
476,1.2544375940305557,-0.6672401456346487,1.8611985594910418,17.48961819083858,2.0
477,88.0,88.0,88.0,17.6,1.0
478,88.0,88.0,88.0,17.6,2.0
479,88.0,88.0,88.0,17.6,0.0
480,-1.9187565574363643,-0.06907992525226558,1.0993154703517605,17.6250879839497,0.0
481,88.0,88.0,88.0,17.8,1.0
482,88.0,88.0,88.0,17.8,2.0
483,88.0,88.0,88.0,17.8,0.0
484,1.2610314461821162,-0.6462263847950033,1.8477014846852993,17.800600386145792,2.0
485,-1.9515117719126291,-0.09185144107152074,1.095897665196596,17.825283351039662,0.0
486,1.2639099998385332,-0.634688213884937,1.840543432576794,17.971917093017428,2.0
487,88.0,88.0,88.0,18.0,0.0
488,88.0,88.0,88.0,18.0,1.0
489,88.0,88.0,88.0,18.0,2.0
490,-1.981086400778383,-0.11241180496573726,1.0928117345862898,18.006039416203553,0.0
491,1.2654640656705403,-0.6273541148476148,1.8360874505310718,18.081021858611855,2.0
492,88.0,88.0,88.0,18.2,0.0
493,88.0,88.0,88.0,18.2,1.0
494,88.0,88.0,88.0,18.2,2.0
495,1.2677884067846596,-0.6136605014909341,1.8279643631291482,18.28517157582334,2.0
496,88.0,88.0,88.0,18.400000000000002,2.0
497,88.0,88.0,88.0,18.400000000000002,1.0
498,88.0,88.0,88.0,18.400000000000002,0.0
499,1.2692922140381082,-0.6006853151386603,1.8205055405784576,18.47914131086261,2.0
500,88.0,88.0,88.0,18.6,1.0
501,88.0,88.0,88.0,18.6,0.0
502,88.0,88.0,88.0,18.6,2.0
503,1.2702530984935212,-0.5819360824096349,1.810140606723364,18.760349561355106,2.0
504,88.0,88.0,88.0,18.8,1.0
505,88.0,88.0,88.0,18.8,0.0
506,88.0,88.0,88.0,18.8,2.0
507,1.2702139862639927,-0.5734911361454681,1.8056329147504204,18.887368569484376,2.0
508,88.0,88.0,88.0,19.0,1.0
509,88.0,88.0,88.0,19.0,2.0
510,88.0,88.0,88.0,19.0,0.0
511,1.2695519919565297,-0.5601772574366861,1.7987309179916064,19.08807634391257,2.0
512,88.0,88.0,88.0,19.200000000000003,1.0
513,88.0,88.0,88.0,19.200000000000003,2.0
514,88.0,88.0,88.0,19.200000000000003,0.0
515,1.268501452807795,-0.549621523000621,1.793437923682359,19.247604155414656,2.0
516,88.0,88.0,88.0,19.400000000000002,2.0
517,88.0,88.0,88.0,19.400000000000002,1.0
518,88.0,88.0,88.0,19.400000000000002,0.0
519,1.266208568530803,-0.5346556866961304,1.7862073851895084,19.474391662158343,2.0
520,88.0,88.0,88.0,19.6,0.0
521,88.0,88.0,88.0,19.6,1.0
522,88.0,88.0,88.0,19.6,2.0
523,1.262908158580669,-0.5194605242109743,1.7791974599131095,19.70539287614025,2.0
524,88.0,88.0,88.0,19.8,0.0
525,88.0,88.0,88.0,19.8,1.0
526,88.0,88.0,88.0,19.8,2.0
527,1.2589928457937147,-0.5054634968818408,1.7730385295055484,19.918844400978053,2.0
528,88.0,88.0,88.0,20.0,1.0
529,88.0,88.0,88.0,20.0,0.0
530,88.0,88.0,88.0,20.0,2.0
531,1.2546348679368737,-0.4925644247577981,1.7676182605484727,20.11612185220657,2.0
532,88.0,88.0,88.0,20.200000000000003,1.0
533,88.0,88.0,88.0,20.200000000000003,2.0
534,88.0,88.0,88.0,20.200000000000003,0.0
535,88.0,88.0,88.0,20.400000000000002,1.0
536,88.0,88.0,88.0,20.400000000000002,2.0
537,88.0,88.0,88.0,20.400000000000002,0.0
538,1.247100304939623,-0.47402741420449007,1.7602623472331742,20.40059149719289,2.0
539,1.2440658898147485,-0.4674553479086421,1.7577781610986887,20.501722480078474,2.0
540,88.0,88.0,88.0,20.6,2.0
541,88.0,88.0,88.0,20.6,1.0
542,88.0,88.0,88.0,20.6,0.0
543,1.2372128520605807,-0.45392072962352936,1.7528680139204358,20.710451939693797,2.0
544,88.0,88.0,88.0,20.8,2.0
545,88.0,88.0,88.0,20.8,1.0
546,88.0,88.0,88.0,20.8,0.0
547,1.2280848369747073,-0.43797062276760335,1.7474400838593942,20.957231797078066,2.0
548,88.0,88.0,88.0,21.0,2.0
549,88.0,88.0,88.0,21.0,0.0
550,88.0,88.0,88.0,21.0,1.0
551,1.2261456673565139,-0.43481914251753984,1.7464138365435187,21.006094472209213,2.0
552,88.0,88.0,88.0,21.200000000000003,2.0
553,88.0,88.0,88.0,21.200000000000003,0.0
554,88.0,88.0,88.0,21.200000000000003,1.0
555,1.2140869125703277,-0.41665151052311655,1.7407975998379834,21.28844596805751,2.0
556,88.0,88.0,88.0,21.400000000000002,2.0
557,88.0,88.0,88.0,21.400000000000002,0.0
558,88.0,88.0,88.0,21.400000000000002,1.0
559,1.2069088261106975,-0.406789686881292,1.7379644747024907,21.44219335282556,2.0
560,88.0,88.0,88.0,21.6,0.0
561,88.0,88.0,88.0,21.6,1.0
562,88.0,88.0,88.0,21.6,2.0
563,1.194615625000023,-0.3911642000723371,1.7337890851716151,21.686495887409077,2.0
564,88.0,88.0,88.0,21.8,0.0
565,88.0,88.0,88.0,21.8,1.0
566,88.0,88.0,88.0,21.8,2.0
567,1.1839629536703367,-0.3786649625175765,1.730728217507442,21.882541982626293,2.0
568,88.0,88.0,88.0,22.0,1.0
569,88.0,88.0,88.0,22.0,2.0
570,88.0,88.0,88.0,22.0,0.0
571,1.1688854892605898,-0.3622807155451022,1.727095552756499,22.140368995140808,2.0
572,88.0,88.0,88.0,22.200000000000003,1.0
573,88.0,88.0,88.0,22.200000000000003,0.0
574,88.0,88.0,88.0,22.200000000000003,2.0
575,1.155097608940567,-0.3483845077022474,1.724355351392986,22.35980309158483,2.0
576,88.0,88.0,88.0,22.400000000000002,1.0
577,88.0,88.0,88.0,22.400000000000002,2.0
578,88.0,88.0,88.0,22.400000000000002,0.0
579,1.145730656597168,-0.33943789141844216,1.7227581910072667,22.501450751499238,2.0
580,88.0,88.0,88.0,22.6,0.0
581,88.0,88.0,88.0,22.6,2.0
582,88.0,88.0,88.0,22.6,1.0
583,1.1299848522281506,-0.32516433806041006,1.7204832738428486,22.72804623536099,2.0
584,88.0,88.0,88.0,22.8,0.0
585,88.0,88.0,88.0,22.8,2.0
586,88.0,88.0,88.0,22.8,1.0
587,1.1157004247282796,-0.31293226922666956,1.718803205809134,22.922833300788405,2.0
588,88.0,88.0,88.0,23.0,0.0
589,88.0,88.0,88.0,23.0,2.0
590,88.0,88.0,88.0,23.0,1.0
591,1.099363812965315,-0.299656646486138,1.7172638913595486,23.13487133233684,2.0
592,88.0,88.0,88.0,23.200000000000003,2.0
593,88.0,88.0,88.0,23.200000000000003,0.0
594,88.0,88.0,88.0,23.200000000000003,1.0
595,1.0846106737672594,-0.28823683536836847,1.7161784131198108,23.317800230237662,2.0
596,88.0,88.0,88.0,23.400000000000002,1.0
597,88.0,88.0,88.0,23.400000000000002,0.0
598,88.0,88.0,88.0,23.400000000000002,2.0
599,1.065141084695675,-0.27388377874852415,1.7151300689516764,23.54841959894433,2.0
600,88.0,88.0,88.0,23.6,2.0
601,88.0,88.0,88.0,23.6,0.0
602,88.0,88.0,88.0,23.6,1.0
603,1.0521753720410585,-0.2647264617421774,1.7146466340446485,23.695969039766744,2.0
604,88.0,88.0,88.0,23.8,2.0
605,88.0,88.0,88.0,23.8,1.0
606,88.0,88.0,88.0,23.8,0.0
607,1.0295380514426444,-0.24941335909144902,1.7141639489085219,23.943430945079836,2.0
608,88.0,88.0,88.0,24.0,1.0
609,88.0,88.0,88.0,24.0,0.0
610,88.0,88.0,88.0,24.0,2.0
611,1.0080849538639187,-0.2356017746436358,1.7140814998429361,24.167414584455415,2.0
612,88.0,88.0,88.0,24.200000000000003,1.0
613,88.0,88.0,88.0,24.200000000000003,0.0
614,88.0,88.0,88.0,24.200000000000003,2.0
615,0.9898393406585875,-0.22432844126641344,1.7142647390709735,24.35079353002605,2.0
616,88.0,88.0,88.0,24.400000000000002,1.0
617,88.0,88.0,88.0,24.400000000000002,2.0
618,88.0,88.0,88.0,24.400000000000002,0.0
619,0.9778525293320568,-0.21713715512410942,1.714500195657692,24.468035632971507,2.0
620,88.0,88.0,88.0,24.6,1.0
621,88.0,88.0,88.0,24.6,0.0
622,88.0,88.0,88.0,24.6,2.0
623,0.9505987957731774,-0.2013610594922669,1.7153430057343306,24.725966066393795,2.0
624,88.0,88.0,88.0,24.8,2.0
625,88.0,88.0,88.0,24.8,0.0
626,88.0,88.0,88.0,24.8,1.0
627,0.9257819235751619,-0.18762142659349434,1.7164455132108687,24.951422674572523,2.0
628,88.0,88.0,88.0,25.0,0.0
629,88.0,88.0,88.0,25.0,1.0
630,88.0,88.0,88.0,25.0,2.0
631,0.9075897302140818,-0.17788992847637508,1.7174359711485372,25.111575986053168,2.0
632,88.0,88.0,88.0,25.200000000000003,1.0
633,88.0,88.0,88.0,25.200000000000003,2.0
634,88.0,88.0,88.0,25.200000000000003,0.0
635,0.8852165509355183,-0.16628177984777776,1.7188467177092401,25.30312471153431,2.0
636,88.0,88.0,88.0,25.400000000000002,2.0
637,88.0,88.0,88.0,25.400000000000002,0.0
638,88.0,88.0,88.0,25.400000000000002,1.0
639,0.8548909055096052,-0.15112447939888224,1.7210677661055316,25.554083372937754,2.0
640,88.0,88.0,88.0,25.6,2.0
641,88.0,88.0,88.0,25.6,1.0
642,88.0,88.0,88.0,25.6,0.0
643,0.8303321118306313,-0.13929137156886523,1.7231029783594107,25.750674945425153,2.0
644,88.0,88.0,88.0,25.8,0.0
645,88.0,88.0,88.0,25.8,2.0
646,88.0,88.0,88.0,25.8,1.0
647,0.815046983535769,-0.13211025002899718,1.7244680045109169,25.870269409023745,2.0
648,88.0,88.0,88.0,26.0,1.0
649,88.0,88.0,88.0,26.0,2.0
650,88.0,88.0,88.0,26.0,0.0
651,0.7753070195559415,-0.1140439587931209,1.7283402930374523,26.172122042203945,2.0
652,88.0,88.0,88.0,26.200000000000003,1.0
653,88.0,88.0,88.0,26.200000000000003,2.0
654,88.0,88.0,88.0,26.200000000000003,0.0
655,0.7621308159036202,-0.10823309429622407,1.7297201287297361,26.26950970566569,2.0
656,88.0,88.0,88.0,26.400000000000002,1.0
657,88.0,88.0,88.0,26.400000000000002,2.0
658,88.0,88.0,88.0,26.400000000000002,0.0
659,0.7245732498783912,-0.09211712116453791,1.7338927227967522,26.540377172899248,2.0
660,88.0,88.0,88.0,26.6,1.0
661,88.0,88.0,88.0,26.6,0.0
662,88.0,88.0,88.0,26.6,2.0
663,0.6988945523829013,-0.08145315506997236,1.7369355219722542,26.720238608638763,2.0
664,88.0,88.0,88.0,26.8,0.0
665,88.0,88.0,88.0,26.8,1.0
666,88.0,88.0,88.0,26.8,2.0
667,0.6672166965613746,-0.0686622916309983,1.740884306588192,26.936639475936612,2.0
668,88.0,88.0,88.0,27.0,0.0
669,88.0,88.0,88.0,27.0,1.0
670,88.0,88.0,88.0,27.0,2.0
671,0.6316815333957555,-0.05475676067723395,1.745550993551281,27.172731733023088,2.0
672,88.0,88.0,88.0,27.200000000000003,1.0
673,88.0,88.0,88.0,27.200000000000003,2.0
674,88.0,88.0,88.0,27.200000000000003,0.0
675,0.597690648797939,-0.04185939886003226,1.7502310873399565,27.3924908913628,2.0
676,88.0,88.0,88.0,27.400000000000002,0.0
677,88.0,88.0,88.0,27.400000000000002,1.0
678,88.0,88.0,88.0,27.400000000000002,2.0
679,0.577046304546311,-0.03420601627144154,1.7531698081329523,27.5232574396843,2.0
680,88.0,88.0,88.0,27.6,2.0
681,88.0,88.0,88.0,27.6,0.0
682,88.0,88.0,88.0,27.6,1.0
683,0.5403550250092657,-0.02091734113519178,1.7585607563464758,27.75095196121255,2.0
684,88.0,88.0,88.0,27.8,2.0
685,88.0,88.0,88.0,27.8,1.0
686,88.0,88.0,88.0,27.8,0.0
687,0.5042041443665086,-0.0081922792101774,1.7640692582195885,27.969760798994514,2.0
688,88.0,88.0,88.0,28.0,1.0
689,88.0,88.0,88.0,28.0,0.0
690,88.0,88.0,88.0,28.0,2.0
691,0.4725412704946521,0.002673343680281548,1.7690436188330798,28.15719984203113,2.0
692,88.0,88.0,88.0,28.200000000000003,0.0
693,88.0,88.0,88.0,28.200000000000003,2.0
694,88.0,88.0,88.0,28.200000000000003,1.0
695,0.4512189094593646,0.009851518645816126,1.7724678239235612,28.281335526511125,2.0
696,88.0,88.0,88.0,28.400000000000002,0.0
697,88.0,88.0,88.0,28.400000000000002,2.0
698,88.0,88.0,88.0,28.400000000000002,1.0
699,88.0,88.0,88.0,28.6,2.0
700,88.0,88.0,88.0,28.6,1.0
701,88.0,88.0,88.0,28.6,0.0
702,0.392817388623782,0.02897752269172682,1.7821329991914947,28.6132976218071,2.0
703,0.3787839459572302,0.03346288418071203,1.784514609123963,28.69140439027089,2.0
704,88.0,88.0,88.0,28.8,2.0
705,88.0,88.0,88.0,28.8,0.0
706,88.0,88.0,88.0,28.8,1.0
707,88.0,88.0,88.0,29.0,0.0
708,88.0,88.0,88.0,29.0,2.0
709,88.0,88.0,88.0,29.0,1.0
710,0.3176734386348583,0.05253222505825994,1.7951333922586983,29.02457201170774,2.0
711,88.0,88.0,88.0,29.200000000000003,2.0
712,88.0,88.0,88.0,29.200000000000003,0.0
713,88.0,88.0,88.0,29.200000000000003,1.0
714,0.2815870910496088,0.06345991895799374,1.8015821253272355,29.216304248264393,2.0
715,0.25417490410051524,0.07160608592964518,1.8065636398030325,29.359621407727012,2.0
716,88.0,88.0,88.0,29.400000000000002,1.0
717,88.0,88.0,88.0,29.400000000000002,0.0
718,88.0,88.0,88.0,29.400000000000002,2.0
719,88.0,88.0,88.0,29.6,2.0
720,88.0,88.0,88.0,29.6,0.0
721,88.0,88.0,88.0,29.6,1.0
722,0.20262996583782034,0.0865819771068691,1.8161137367229467,29.623969096846597,2.0
723,0.172706460774263,0.09508160339561933,1.8217619299466818,29.774508785304956,2.0
724,88.0,88.0,88.0,29.8,0.0
725,88.0,88.0,88.0,29.8,2.0
726,88.0,88.0,88.0,29.8,1.0
727,0.13092584275631225,0.10672360078431636,1.8297689724708572,29.981307262346863,2.0
728,88.0,88.0,88.0,30.0,1.0
729,88.0,88.0,88.0,30.0,0.0
730,88.0,88.0,88.0,30.0,2.0
731,0.10596858115212093,0.11355773634840749,1.8346162017638497,30.103030376851912,2.0
732,88.0,88.0,88.0,30.200000000000003,2.0
733,88.0,88.0,88.0,30.200000000000003,0.0
734,88.0,88.0,88.0,30.200000000000003,1.0
735,88.0,88.0,88.0,30.400000000000002,2.0
736,88.0,88.0,88.0,30.400000000000002,1.0
737,88.0,88.0,88.0,30.400000000000002,0.0
738,0.04346285049127552,0.13030107377269284,1.8469557345300283,30.40228088635247,2.0
739,0.029867814379930024,0.13387513558208003,1.8496757937940638,30.466351168222758,2.0
740,88.0,88.0,88.0,30.6,2.0
741,88.0,88.0,88.0,30.6,0.0
742,88.0,88.0,88.0,30.6,1.0
743,-0.02321358307380983,0.14761045013610452,1.860413690311748,30.71321092296138,2.0
744,88.0,88.0,88.0,30.8,2.0
745,88.0,88.0,88.0,30.8,0.0
746,88.0,88.0,88.0,30.8,1.0
747,-0.08310383951927847,0.1627081996951561,1.8727427900927838,30.9857296510799,2.0
748,88.0,88.0,88.0,31.0,0.0
749,88.0,88.0,88.0,31.0,2.0
750,88.0,88.0,88.0,31.0,1.0
751,-0.11466939659407416,0.17050426180279937,1.8793272800228897,31.126936831507148,2.0
752,88.0,88.0,88.0,31.200000000000003,1.0
753,88.0,88.0,88.0,31.200000000000003,2.0
754,88.0,88.0,88.0,31.200000000000003,0.0
755,-0.15126247944379578,0.1794090689217983,1.8870316751866918,31.288635172769286,2.0
756,88.0,88.0,88.0,31.400000000000002,1.0
757,88.0,88.0,88.0,31.400000000000002,2.0
758,88.0,88.0,88.0,31.400000000000002,0.0
759,88.0,88.0,88.0,31.6,2.0
760,88.0,88.0,88.0,31.6,1.0
761,88.0,88.0,88.0,31.6,0.0
762,-0.22679985528515267,0.19736162796150708,1.9031652759284872,31.615967202951012,2.0
763,88.0,88.0,88.0,31.8,2.0
764,88.0,88.0,88.0,31.8,0.0
765,88.0,88.0,88.0,31.8,1.0
766,-0.27336663046016163,0.2081559877583864,1.9132573148596972,31.8136547736481,2.0
767,88.0,88.0,88.0,32.0,0.0
768,88.0,88.0,88.0,32.0,1.0
769,88.0,88.0,88.0,32.0,2.0
770,-0.3291408592941618,0.22082635466098877,1.9254831007885702,32.04654589462502,2.0
771,88.0,88.0,88.0,32.2,2.0
772,88.0,88.0,88.0,32.2,0.0
773,88.0,88.0,88.0,32.2,1.0
774,-0.37862071507777806,0.2318422383340354,1.9364493785700443,32.24977719511804,2.0
775,-0.39518407981096537,0.23548438339359007,1.9401446510429263,32.31712583521932,2.0
776,88.0,88.0,88.0,32.4,1.0
777,88.0,88.0,88.0,32.4,0.0
778,88.0,88.0,88.0,32.4,2.0
779,-0.4542909929706802,0.24830266472008988,1.9534270915885092,32.554772504094615,2.0
780,88.0,88.0,88.0,32.6,1.0
781,88.0,88.0,88.0,32.6,0.0
782,88.0,88.0,88.0,32.6,2.0
783,-0.4995464533238483,0.2579347723797401,1.9636944244359626,32.73398692738381,2.0
784,88.0,88.0,88.0,32.800000000000004,1.0
785,88.0,88.0,88.0,32.800000000000004,0.0
786,88.0,88.0,88.0,32.800000000000004,2.0
787,-0.5616173472083137,0.27090072166013546,1.9779079904847983,32.976105392186255,2.0
788,88.0,88.0,88.0,33.0,1.0
789,88.0,88.0,88.0,33.0,2.0
790,88.0,88.0,88.0,33.0,0.0
791,-0.6135535065182509,0.281541173947654,1.9899124103951378,33.175556878123295,2.0
792,88.0,88.0,88.0,33.2,1.0
793,88.0,88.0,88.0,33.2,0.0
794,88.0,88.0,88.0,33.2,2.0
795,-0.6637864732951044,0.2916598308533447,2.0016156949375983,33.365868317960356,2.0
796,88.0,88.0,88.0,33.4,0.0
797,88.0,88.0,88.0,33.4,1.0
798,88.0,88.0,88.0,33.4,2.0
799,88.0,88.0,88.0,33.6,2.0
800,88.0,88.0,88.0,33.6,1.0
801,88.0,88.0,88.0,33.6,0.0
802,-0.7285816000631016,0.3044715062087632,2.016840321261179,33.607736085670915,2.0
803,88.0,88.0,88.0,33.800000000000004,0.0
804,88.0,88.0,88.0,33.800000000000004,1.0
805,88.0,88.0,88.0,33.800000000000004,2.0
806,-0.7810253313658038,0.3146510196615533,2.029264495876382,33.800641812093595,2.0
807,88.0,88.0,88.0,34.0,0.0
808,88.0,88.0,88.0,34.0,2.0
809,88.0,88.0,88.0,34.0,1.0
810,-0.8415794312478297,0.32620245994574704,2.0437183710173796,34.0203377941413,2.0
811,88.0,88.0,88.0,34.2,2.0
812,88.0,88.0,88.0,34.2,1.0
813,88.0,88.0,88.0,34.2,0.0
814,-0.9034783439485139,0.33779552526955736,2.0586082993769206,34.24168114622689,2.0
815,-0.9440538488181609,0.34528144623378854,2.0684295823096006,34.38506806739145,2.0
816,88.0,88.0,88.0,34.4,0.0
817,88.0,88.0,88.0,34.4,2.0
818,88.0,88.0,88.0,34.4,1.0
819,-0.9903096072156323,0.3537093860002263,2.079682489538634,34.546934809073036,2.0
820,88.0,88.0,88.0,34.6,0.0
821,88.0,88.0,88.0,34.6,1.0
822,88.0,88.0,88.0,34.6,2.0
823,-1.0463363302918491,0.36377119513491085,2.0933908278436504,34.74079201013603,2.0
824,88.0,88.0,88.0,34.800000000000004,2.0
825,88.0,88.0,88.0,34.800000000000004,1.0
826,88.0,88.0,88.0,34.800000000000004,0.0
827,-1.1185999008507341,0.37652091014836064,2.111194009678861,34.987400654566684,2.0
828,88.0,88.0,88.0,35.0,2.0
829,88.0,88.0,88.0,35.0,0.0
830,88.0,88.0,88.0,35.0,1.0
831,88.0,88.0,88.0,35.2,0.0
832,88.0,88.0,88.0,35.2,1.0
833,88.0,88.0,88.0,35.2,2.0
834,-1.205873555466578,0.3915916592350883,2.132870336892728,35.28031219831171,2.0
835,88.0,88.0,88.0,35.4,0.0
836,88.0,88.0,88.0,35.4,1.0
837,88.0,88.0,88.0,35.4,2.0
838,-1.2544703424101762,0.3998348738567994,2.1450200033466094,35.441179278739654,2.0
839,-1.2955510361379776,0.4067231315255524,2.1553334245340197,35.57596266178049,2.0
840,88.0,88.0,88.0,35.6,1.0
841,88.0,88.0,88.0,35.6,2.0
842,88.0,88.0,88.0,35.6,0.0
843,-1.3496656150731194,0.4156880529739002,2.168977289905816,35.751873266281635,2.0
844,88.0,88.0,88.0,35.800000000000004,0.0
845,88.0,88.0,88.0,35.800000000000004,1.0
846,88.0,88.0,88.0,35.800000000000004,2.0
847,-1.4240615485479111,0.4278174230392219,2.187839323930542,35.99077320787145,2.0
848,88.0,88.0,88.0,36.0,1.0
849,88.0,88.0,88.0,36.0,2.0
850,88.0,88.0,88.0,36.0,0.0
851,88.0,88.0,88.0,36.2,0.0
852,88.0,88.0,88.0,36.2,2.0
853,88.0,88.0,88.0,36.2,1.0
854,-1.4993483845511264,0.43987028607963397,2.207045952366507,36.22919936691212,2.0
855,88.0,88.0,88.0,36.4,0.0
856,88.0,88.0,88.0,36.4,2.0
857,88.0,88.0,88.0,36.4,1.0
858,-1.5558686531653088,0.44877760613435613,2.2215405586791293,36.40607102262316,2.0
859,88.0,88.0,88.0,36.6,2.0
860,88.0,88.0,88.0,36.6,0.0
861,88.0,88.0,88.0,36.6,1.0
862,-1.642792911483033,0.46224923975785426,2.2439538954021434,36.67467078550089,2.0
863,-1.6628775261867776,0.4653239213164335,2.249153068459828,36.73616083513922,2.0
864,88.0,88.0,88.0,36.800000000000004,1.0
865,88.0,88.0,88.0,36.800000000000004,0.0
866,88.0,88.0,88.0,36.800000000000004,2.0
867,88.0,88.0,88.0,37.0,2.0
868,88.0,88.0,88.0,37.0,0.0
869,88.0,88.0,88.0,37.0,1.0
870,88.0,88.0,88.0,88.0,1.0
871,88.0,88.0,88.0,88.0,0.0
872,88.0,88.0,88.0,88.0,0.0
873,88.0,88.0,88.0,88.0,0.0
874,88.0,88.0,88.0,88.0,0.0
875,88.0,88.0,88.0,88.0,0.0
876,88.0,88.0,88.0,88.0,0.0
877,88.0,88.0,88.0,88.0,0.0
878,88.0,88.0,88.0,88.0,0.0
879,88.0,88.0,88.0,88.0,0.0
880,88.0,88.0,88.0,88.0,0.0
881,88.0,88.0,88.0,88.0,0.0
882,88.0,88.0,88.0,88.0,0.0
883,88.0,88.0,88.0,88.0,0.0
884,88.0,88.0,88.0,88.0,0.0
885,88.0,88.0,88.0,88.0,0.0
886,88.0,88.0,88.0,88.0,0.0
887,88.0,88.0,88.0,88.0,0.0
888,88.0,88.0,88.0,88.0,0.0
889,88.0,88.0,88.0,88.0,0.0
890,88.0,88.0,88.0,88.0,0.0
891,88.0,88.0,88.0,88.0,0.0
892,88.0,88.0,88.0,88.0,0.0
893,88.0,88.0,88.0,88.0,0.0
894,88.0,88.0,88.0,88.0,0.0
895,88.0,88.0,88.0,88.0,0.0
896,88.0,88.0,88.0,88.0,0.0
897,88.0,88.0,88.0,88.0,0.0
898,88.0,88.0,88.0,88.0,0.0
899,88.0,88.0,88.0,88.0,0.0
900,88.0,88.0,88.0,88.0,1.0
901,88.0,88.0,88.0,88.0,1.0
902,88.0,88.0,88.0,88.0,1.0
903,88.0,88.0,88.0,88.0,1.0
904,88.0,88.0,88.0,88.0,1.0
905,88.0,88.0,88.0,88.0,1.0
906,88.0,88.0,88.0,88.0,1.0
907,88.0,88.0,88.0,88.0,1.0
908,88.0,88.0,88.0,88.0,1.0
909,88.0,88.0,88.0,88.0,1.0
910,88.0,88.0,88.0,88.0,1.0
911,88.0,88.0,88.0,88.0,1.0
912,88.0,88.0,88.0,88.0,0.0
913,88.0,88.0,88.0,88.0,1.0
914,88.0,88.0,88.0,88.0,1.0
915,88.0,88.0,88.0,88.0,1.0
916,88.0,88.0,88.0,88.0,1.0
917,88.0,88.0,88.0,88.0,1.0
918,88.0,88.0,88.0,88.0,1.0
919,88.0,88.0,88.0,88.0,1.0
920,88.0,88.0,88.0,88.0,0.0
921,88.0,88.0,88.0,88.0,0.0
922,88.0,88.0,88.0,88.0,0.0
923,88.0,88.0,88.0,88.0,0.0
924,88.0,88.0,88.0,88.0,0.0
925,88.0,88.0,88.0,88.0,0.0
926,88.0,88.0,88.0,88.0,1.0
927,88.0,88.0,88.0,88.0,0.0
928,88.0,88.0,88.0,88.0,0.0
929,88.0,88.0,88.0,88.0,1.0
930,88.0,88.0,88.0,88.0,0.0
931,88.0,88.0,88.0,88.0,0.0
932,88.0,88.0,88.0,88.0,0.0
933,88.0,88.0,88.0,88.0,0.0
934,88.0,88.0,88.0,88.0,0.0
935,88.0,88.0,88.0,88.0,0.0
936,88.0,88.0,88.0,88.0,0.0
937,88.0,88.0,88.0,88.0,0.0
938,88.0,88.0,88.0,88.0,0.0
939,88.0,88.0,88.0,88.0,0.0
940,88.0,88.0,88.0,88.0,0.0
941,88.0,88.0,88.0,88.0,0.0
942,88.0,88.0,88.0,88.0,0.0
943,88.0,88.0,88.0,88.0,0.0
944,88.0,88.0,88.0,88.0,0.0
945,88.0,88.0,88.0,88.0,0.0
946,88.0,88.0,88.0,88.0,0.0
947,88.0,88.0,88.0,88.0,0.0
948,88.0,88.0,88.0,88.0,0.0
949,88.0,88.0,88.0,88.0,0.0
950,88.0,88.0,88.0,88.0,0.0
951,88.0,88.0,88.0,88.0,0.0
952,88.0,88.0,88.0,88.0,0.0
953,88.0,88.0,88.0,88.0,0.0
954,88.0,88.0,88.0,88.0,0.0
955,88.0,88.0,88.0,88.0,0.0
956,88.0,88.0,88.0,88.0,0.0
957,88.0,88.0,88.0,88.0,0.0
958,88.0,88.0,88.0,88.0,0.0
959,88.0,88.0,88.0,88.0,0.0
960,88.0,88.0,88.0,88.0,0.0
961,88.0,88.0,88.0,88.0,0.0
962,88.0,88.0,88.0,88.0,0.0
963,88.0,88.0,88.0,88.0,0.0
964,88.0,88.0,88.0,88.0,0.0
965,88.0,88.0,88.0,88.0,0.0
966,88.0,88.0,88.0,88.0,0.0
967,88.0,88.0,88.0,88.0,0.0
968,88.0,88.0,88.0,88.0,0.0
969,88.0,88.0,88.0,88.0,0.0
970,88.0,88.0,88.0,88.0,0.0
971,88.0,88.0,88.0,88.0,0.0
972,88.0,88.0,88.0,88.0,0.0
973,88.0,88.0,88.0,88.0,0.0
974,88.0,88.0,88.0,88.0,0.0
975,88.0,88.0,88.0,88.0,0.0
976,88.0,88.0,88.0,88.0,0.0
977,88.0,88.0,88.0,88.0,0.0
978,88.0,88.0,88.0,88.0,0.0
979,88.0,88.0,88.0,88.0,0.0
980,88.0,88.0,88.0,88.0,0.0
981,88.0,88.0,88.0,88.0,0.0
982,88.0,88.0,88.0,88.0,0.0
983,88.0,88.0,88.0,88.0,0.0
984,88.0,88.0,88.0,88.0,0.0
985,88.0,88.0,88.0,88.0,0.0
986,88.0,88.0,88.0,88.0,0.0
987,88.0,88.0,88.0,88.0,1.0
988,88.0,88.0,88.0,88.0,1.0
989,88.0,88.0,88.0,88.0,1.0
990,88.0,88.0,88.0,88.0,1.0
991,88.0,88.0,88.0,88.0,1.0
992,88.0,88.0,88.0,88.0,1.0
993,88.0,88.0,88.0,88.0,1.0
994,88.0,88.0,88.0,88.0,1.0
995,88.0,88.0,88.0,88.0,1.0
996,88.0,88.0,88.0,88.0,1.0
997,88.0,88.0,88.0,88.0,1.0
998,88.0,88.0,88.0,88.0,1.0
999,88.0,88.0,88.0,88.0,1.0
1000,88.0,88.0,88.0,88.0,1.0
1001,88.0,88.0,88.0,88.0,1.0
1002,88.0,88.0,88.0,88.0,1.0
1003,88.0,88.0,88.0,88.0,1.0
1004,88.0,88.0,88.0,88.0,1.0
1005,88.0,88.0,88.0,88.0,1.0
1006,88.0,88.0,88.0,88.0,1.0
1007,88.0,88.0,88.0,88.0,1.0
1008,88.0,88.0,88.0,88.0,1.0
1009,88.0,88.0,88.0,88.0,1.0
1010,88.0,88.0,88.0,88.0,1.0
1011,88.0,88.0,88.0,88.0,1.0
1012,88.0,88.0,88.0,88.0,1.0
1013,88.0,88.0,88.0,88.0,1.0
1014,88.0,88.0,88.0,88.0,1.0
1015,88.0,88.0,88.0,88.0,1.0
1016,88.0,88.0,88.0,88.0,1.0
1017,88.0,88.0,88.0,88.0,1.0
1018,88.0,88.0,88.0,88.0,1.0
1019,88.0,88.0,88.0,88.0,1.0
1020,88.0,88.0,88.0,88.0,1.0
1021,88.0,88.0,88.0,88.0,1.0
1022,88.0,88.0,88.0,88.0,1.0
1023,88.0,88.0,88.0,88.0,1.0
1024,88.0,88.0,88.0,88.0,1.0
1025,88.0,88.0,88.0,88.0,1.0
1026,88.0,88.0,88.0,88.0,1.0
1027,88.0,88.0,88.0,88.0,1.0
1028,88.0,88.0,88.0,88.0,1.0
1029,88.0,88.0,88.0,88.0,1.0
1030,88.0,88.0,88.0,88.0,1.0
1031,88.0,88.0,88.0,88.0,1.0
1032,88.0,88.0,88.0,88.0,1.0
1033,88.0,88.0,88.0,88.0,1.0
1034,88.0,88.0,88.0,88.0,1.0
1035,88.0,88.0,88.0,88.0,1.0
1036,88.0,88.0,88.0,88.0,1.0
1037,88.0,88.0,88.0,88.0,1.0
1038,88.0,88.0,88.0,88.0,1.0
1039,88.0,88.0,88.0,88.0,1.0
1040,88.0,88.0,88.0,88.0,1.0
1041,88.0,88.0,88.0,88.0,1.0
1042,88.0,88.0,88.0,88.0,1.0
1043,88.0,88.0,88.0,88.0,1.0
1044,88.0,88.0,88.0,88.0,1.0
1045,88.0,88.0,88.0,88.0,1.0
1046,88.0,88.0,88.0,88.0,1.0
1047,88.0,88.0,88.0,88.0,1.0
1048,88.0,88.0,88.0,88.0,1.0
1049,88.0,88.0,88.0,88.0,1.0
1050,88.0,88.0,88.0,88.0,1.0
1051,88.0,88.0,88.0,88.0,1.0
1052,88.0,88.0,88.0,88.0,1.0
1053,88.0,88.0,88.0,88.0,1.0
1054,88.0,88.0,88.0,88.0,1.0
1055,88.0,88.0,88.0,88.0,1.0
1056,88.0,88.0,88.0,88.0,1.0
1057,88.0,88.0,88.0,88.0,1.0
1058,88.0,88.0,88.0,88.0,1.0
1059,88.0,88.0,88.0,88.0,1.0
1060,88.0,88.0,88.0,88.0,1.0
1061,88.0,88.0,88.0,88.0,1.0
1062,88.0,88.0,88.0,88.0,1.0
1063,88.0,88.0,88.0,88.0,1.0
1064,88.0,88.0,88.0,88.0,1.0
1065,88.0,88.0,88.0,88.0,1.0
1066,88.0,88.0,88.0,88.0,1.0
1067,88.0,88.0,88.0,88.0,1.0
1068,88.0,88.0,88.0,88.0,1.0
1069,88.0,88.0,88.0,88.0,1.0
1070,88.0,88.0,88.0,88.0,1.0
1071,88.0,88.0,88.0,88.0,1.0
1072,88.0,88.0,88.0,88.0,1.0
1073,88.0,88.0,88.0,88.0,1.0
1074,88.0,88.0,88.0,88.0,1.0
1075,88.0,88.0,88.0,88.0,1.0
1076,88.0,88.0,88.0,88.0,1.0
1077,88.0,88.0,88.0,88.0,1.0
1078,88.0,88.0,88.0,88.0,1.0
1079,88.0,88.0,88.0,88.0,1.0
1080,88.0,88.0,88.0,88.0,1.0
1081,88.0,88.0,88.0,88.0,1.0
1082,88.0,88.0,88.0,88.0,1.0
1083,88.0,88.0,88.0,88.0,1.0
1084,88.0,88.0,88.0,88.0,1.0
1085,88.0,88.0,88.0,88.0,1.0
1086,88.0,88.0,88.0,88.0,1.0
1087,88.0,88.0,88.0,88.0,1.0
1088,88.0,88.0,88.0,88.0,1.0
1089,88.0,88.0,88.0,88.0,1.0
1090,88.0,88.0,88.0,88.0,1.0
1091,88.0,88.0,88.0,88.0,1.0
1092,88.0,88.0,88.0,88.0,1.0
1093,88.0,88.0,88.0,88.0,1.0
1094,88.0,88.0,88.0,88.0,1.0
1095,88.0,88.0,88.0,88.0,1.0
1096,88.0,88.0,88.0,88.0,1.0
1097,88.0,88.0,88.0,88.0,1.0
1098,88.0,88.0,88.0,88.0,1.0
1099,88.0,88.0,88.0,88.0,1.0
1100,88.0,88.0,88.0,88.0,1.0
1101,88.0,88.0,88.0,88.0,1.0
1102,88.0,88.0,88.0,88.0,1.0
1103,88.0,88.0,88.0,88.0,1.0
1104,88.0,88.0,88.0,88.0,1.0
1105,88.0,88.0,88.0,88.0,1.0
1106,88.0,88.0,88.0,88.0,1.0
1107,88.0,88.0,88.0,88.0,1.0
1108,88.0,88.0,88.0,88.0,1.0
1109,88.0,88.0,88.0,88.0,2.0
