name,payload
00initpos,"{""leg_mode"": ""Position"", ""arm_mode"": ""Position"", ""left_leg_pos"": [0.0, 0.0, 0.0, 0.0, 0.0, 0.0], ""right_leg_pos"": [0.0, 0.0, 0.0, 0.0, 0.0, 0.0], ""left_arm_pos"": [0.0, 0.0, 0.0, 0.0, 0.0, 0.0, 0.0], ""right_arm_pos"": [20.6, -79.5, -19.2, -88.8, 4.1, -5.2, 3.1], ""leg_profile_speed"": 0.5, ""leg_position_current"": 8.0, ""leg_speed_current"": 8.0, ""arm_profile_speed"": 0.5, ""arm_position_current"": 8.0, ""arm_speed_current"": 8.0, ""waist_pos"": [-2.5], ""head_pos"": [0.0, 0.0, 0.0], ""left_finger_pos"": [0.0, 0.0, 0.0, 0.0, 1.0, 0.0], ""right_finger_pos"": [1.0, 1.0, 1.0, 1.0, 1.0, 1.0], ""left_finger_vel"": [1.0, 1.0, 1.0, 1.0, 1.0, 1.0], ""right_finger_vel"": [1.0, 1.0, 1.0, 1.0, 1.0, 1.0], ""hand_effort"": [1.0]}"
default,"{""leg_mode"": ""Position"", ""arm_mode"": ""Position"", ""left_leg_pos"": [-3.7, -19.0, 0.0, -1.619246606913263, 0.005259245660909818, -0.2], ""right_leg_pos"": [-4.4, -19.0, 0.0, 0.0, -0.005696377767790634, 0.9], ""left_arm_pos"": [-24.1, 19.5, -1.3, -62.0, -67.2, 1.2, 12.8], ""right_arm_pos"": [-16.5, -9.6, 2.5, -82.3, 64.7, -8.2, -2.7], ""leg_profile_speed"": 0.5, ""leg_position_current"": 20.5, ""leg_speed_current"": 8.0, ""arm_profile_speed"": 0.5, ""arm_position_current"": 8.0, ""arm_speed_current"": 8.0, ""waist_pos"": [-8.8], ""waist_speed"": [0.2], ""head_pos"": [0.0, 0.0, 0.0], ""head_speed"": [0.2], ""left_finger_pos"": [1.0, 1.0, 1.0, 1.0, 1.0, 0.0], ""right_finger_pos"": [1.0, 1.0, 1.0, 1.0, 1.0, 0.0], ""left_finger_vel"": [1.0, 1.0, 1.0, 1.0, 1.0, 1.0], ""right_finger_vel"": [1.0, 1.0, 1.0, 1.0, 1.0, 1.0], ""hand_effort"": [1.0]}"
ik_real_20260529_150246,"{""leg_mode"": ""Position"", ""arm_mode"": ""Position"", ""left_leg_pos"": [-3.71, -90.01, 0.01, 76.8, -0.01, -0.2], ""right_leg_pos"": [-4.4, -89.99, 0.01, 72.91, 0.01, 0.9], ""left_arm_pos"": [-56.98, 66.92, -11.45, -61.83, -26.95, 5.17, -18.01], ""right_arm_pos"": [-31.18, -85.39, 25.82, -97.16, -4.04, 59.59, -3.31], ""leg_profile_speed"": 0.5, ""leg_position_current"": 8.0, ""leg_speed_current"": 8.0, ""arm_profile_speed"": 0.5, ""arm_position_current"": 8.0, ""arm_speed_current"": 8.0, ""waist_pos"": [-0.0], ""waist_speed"": [0.2], ""head_pos"": [-0.04, 0.03, 0.03], ""head_speed"": [0.2], ""left_finger_pos"": [0.0, 0.0, 0.0, 0.0, 0.0, 0.0], ""right_finger_pos"": [0.0, 0.0, 0.0, 0.0, 0.0, 0.0], ""left_finger_vel"": [1.0, 1.0, 1.0, 1.0, 1.0, 1.0], ""right_finger_vel"": [1.0, 1.0, 1.0, 1.0, 1.0, 1.0], ""hand_effort"": [1.0]}"
kneeling,"{""leg_mode"": ""Position"", ""arm_mode"": ""Position"", ""left_leg_pos"": [3.7, -72.2, 15.2, 137.0, 30.0, 30.0], ""right_leg_pos"": [-5.7, -75.4, -5.8, 137.0, 30.0, 30.0], ""left_arm_pos"": [-24.1, 19.5, -1.3, -62.0, -67.2, 1.2, 12.8], ""right_arm_pos"": [-16.5, -9.6, 2.5, -82.3, 64.7, -8.2, -2.7], ""leg_profile_speed"": 0.5, ""leg_position_current"": 20.5, ""leg_speed_current"": 8.0, ""arm_profile_speed"": 0.5, ""arm_position_current"": 8.0, ""arm_speed_current"": 8.0, ""waist_pos"": [-8.8], ""waist_speed"": [0.2], ""head_pos"": [0.0, 0.0, 0.0], ""head_speed"": [0.2], ""left_finger_pos"": [1.0, 1.0, 1.0, 1.0, 1.0, 0.0], ""right_finger_pos"": [1.0, 1.0, 1.0, 1.0, 1.0, 0.0], ""left_finger_vel"": [1.0, 1.0, 1.0, 1.0, 1.0, 1.0], ""right_finger_vel"": [1.0, 1.0, 1.0, 1.0, 1.0, 1.0], ""hand_effort"": [1.0]}"
legs_front,"{""leg_mode"": ""Position"", ""arm_mode"": ""Position"", ""left_leg_pos"": [-3.7, -121.3, 0.0, -1.619246606913263, 0.005259245660909818, -0.2], ""right_leg_pos"": [-4.4, -120.3, 0.0, 0.0, -0.005696377767790634, 0.9], ""left_arm_pos"": [43.1, 44.1, -1.3, -62.0, -67.2, 1.2, 12.8], ""right_arm_pos"": [34.3, -31.2, -12.7, -82.3, 64.7, -8.2, -2.7], ""leg_profile_speed"": 0.5, ""leg_position_current"": 20.5, ""leg_speed_current"": 8.0, ""arm_profile_speed"": 0.5, ""arm_position_current"": 8.0, ""arm_speed_current"": 8.0, ""waist_pos"": [0.0], ""waist_speed"": [0.2], ""head_pos"": [0.0, 0.0, 0.0], ""head_speed"": [0.2], ""left_finger_pos"": [1.0, 1.0, 1.0, 1.0, 1.0, 0.0], ""right_finger_pos"": [1.0, 1.0, 1.0, 1.0, 1.0, 0.0], ""left_finger_vel"": [1.0, 1.0, 1.0, 1.0, 1.0, 1.0], ""right_finger_vel"": [1.0, 1.0, 1.0, 1.0, 1.0, 1.0], ""hand_effort"": [1.0]}"
legs_leftside,"{""leg_mode"": ""Position"", ""arm_mode"": ""Position"", ""left_leg_pos"": [45.0, -17.9, -0.4, -1.619246606913263, 0.005259245660909818, -0.2], ""right_leg_pos"": [45.0, -19.0, 0.0, 0.0, -0.005696377767790634, 0.9], ""left_arm_pos"": [-24.1, 19.5, -1.3, -62.0, -67.2, 1.2, 12.8], ""right_arm_pos"": [-16.5, -9.6, 2.5, -82.3, 64.7, -8.2, -2.7], ""leg_profile_speed"": 0.5, ""leg_position_current"": 20.5, ""leg_speed_current"": 8.0, ""arm_profile_speed"": 0.5, ""arm_position_current"": 8.0, ""arm_speed_current"": 8.0, ""waist_pos"": [-8.8], ""waist_speed"": [0.2], ""head_pos"": [0.0, 0.0, 0.0], ""head_speed"": [0.2], ""left_finger_pos"": [1.0, 1.0, 1.0, 1.0, 1.0, 0.0], ""right_finger_pos"": [1.0, 1.0, 1.0, 1.0, 1.0, 0.0], ""left_finger_vel"": [1.0, 1.0, 1.0, 1.0, 1.0, 1.0], ""right_finger_vel"": [1.0, 1.0, 1.0, 1.0, 1.0, 1.0], ""hand_effort"": [1.0]}"
legs_rightside,"{""leg_mode"": ""Position"", ""arm_mode"": ""Position"", ""left_leg_pos"": [-45.0, -17.9, -0.4, -1.619246606913263, 0.005259245660909818, -0.2], ""right_leg_pos"": [-45.0, -19.0, 0.0, 0.0, -0.005696377767790634, 0.9], ""left_arm_pos"": [-24.1, 19.5, -1.3, -62.0, -67.2, 1.2, 12.8], ""right_arm_pos"": [-16.5, -9.6, 2.5, -82.3, 64.7, -8.2, -2.7], ""leg_profile_speed"": 0.5, ""leg_position_current"": 20.5, ""leg_speed_current"": 8.0, ""arm_profile_speed"": 0.5, ""arm_position_current"": 8.0, ""arm_speed_current"": 8.0, ""waist_pos"": [-8.8], ""waist_speed"": [0.2], ""head_pos"": [0.0, 0.0, 0.0], ""head_speed"": [0.2], ""left_finger_pos"": [1.0, 1.0, 1.0, 1.0, 1.0, 0.0], ""right_finger_pos"": [1.0, 1.0, 1.0, 1.0, 1.0, 0.0], ""left_finger_vel"": [1.0, 1.0, 1.0, 1.0, 1.0, 1.0], ""right_finger_vel"": [1.0, 1.0, 1.0, 1.0, 1.0, 1.0], ""hand_effort"": [1.0]}"
legs_side,"{""leg_mode"": ""Position"", ""arm_mode"": ""Position"", ""left_leg_pos"": [45.0, -19.0, 0.0, -1.619246606913263, 0.005259245660909818, -0.2], ""right_leg_pos"": [-45.0, -19.0, 0.0, 0.0, -0.005696377767790634, 0.9], ""left_arm_pos"": [-24.1, 19.5, -1.3, -62.0, -67.2, 1.2, 12.8], ""right_arm_pos"": [-16.5, -9.6, 2.5, -82.3, 64.7, -8.2, -2.7], ""leg_profile_speed"": 0.5, ""leg_position_current"": 20.5, ""leg_speed_current"": 8.0, ""arm_profile_speed"": 0.5, ""arm_position_current"": 8.0, ""arm_speed_current"": 8.0, ""waist_pos"": [-8.8], ""waist_speed"": [0.2], ""head_pos"": [0.0, 0.0, 0.0], ""head_speed"": [0.2], ""left_finger_pos"": [1.0, 1.0, 1.0, 1.0, 1.0, 0.0], ""right_finger_pos"": [1.0, 1.0, 1.0, 1.0, 1.0, 0.0], ""left_finger_vel"": [1.0, 1.0, 1.0, 1.0, 1.0, 1.0], ""right_finger_vel"": [1.0, 1.0, 1.0, 1.0, 1.0, 1.0], ""hand_effort"": [1.0]}"
legs_spread,"{""leg_mode"": ""Position"", ""arm_mode"": ""Position"", ""left_leg_pos"": [-3.7, -160.0, 0.0, -1.619246606913263, 0.005259245660909818, -0.2], ""right_leg_pos"": [-4.4, 120.0, 0.0, 0.0, -0.005696377767790634, 0.9], ""left_arm_pos"": [-24.1, 44.1, -1.3, -62.0, -67.2, 1.2, 12.8], ""right_arm_pos"": [-16.5, -31.2, 2.5, -82.3, 64.7, -8.2, -2.7], ""leg_profile_speed"": 0.5, ""leg_position_current"": 20.5, ""leg_speed_current"": 8.0, ""arm_profile_speed"": 0.5, ""arm_position_current"": 8.0, ""arm_speed_current"": 8.0, ""waist_pos"": [-8.8], ""waist_speed"": [0.2], ""head_pos"": [0.0, 0.0, 0.0], ""head_speed"": [0.2], ""left_finger_pos"": [1.0, 1.0, 1.0, 1.0, 1.0, 0.0], ""right_finger_pos"": [1.0, 1.0, 1.0, 1.0, 1.0, 0.0], ""left_finger_vel"": [1.0, 1.0, 1.0, 1.0, 1.0, 1.0], ""right_finger_vel"": [1.0, 1.0, 1.0, 1.0, 1.0, 1.0], ""hand_effort"": [1.0]}"
legsbackup,"{""leg_mode"": ""Position"", ""arm_mode"": ""Position"", ""left_leg_pos"": [-3.7, 120.0, 0.0, -1.619246606913263, 0.005259245660909818, -0.2], ""right_leg_pos"": [-4.4, 120.0, 0.0, 0.0, -0.005696377767790634, 0.9], ""left_arm_pos"": [-24.1, 19.5, -1.3, -62.0, -67.2, 1.2, 12.8], ""right_arm_pos"": [-16.5, -9.6, 2.5, -82.3, 64.7, -8.2, -2.7], ""leg_profile_speed"": 0.5, ""leg_position_current"": 20.5, ""leg_speed_current"": 8.0, ""arm_profile_speed"": 0.5, ""arm_position_current"": 8.0, ""arm_speed_current"": 8.0, ""waist_pos"": [-8.8], ""waist_speed"": [0.2], ""head_pos"": [0.0, 0.0, 0.0], ""head_speed"": [0.2], ""left_finger_pos"": [1.0, 1.0, 1.0, 1.0, 1.0, 0.0], ""right_finger_pos"": [1.0, 1.0, 1.0, 1.0, 1.0, 0.0], ""left_finger_vel"": [1.0, 1.0, 1.0, 1.0, 1.0, 1.0], ""right_finger_vel"": [1.0, 1.0, 1.0, 1.0, 1.0, 1.0], ""hand_effort"": [1.0]}"
postgrasp,"{""leg_mode"": ""Position"", ""arm_mode"": ""Position"", ""left_leg_pos"": [-3.7, -19.0, 0.0, -1.619246606913263, 0.005259245660909818, -0.2], ""right_leg_pos"": [-4.4, -19.0, 0.0, 0.0, -0.005696377767790634, 0.9], ""left_arm_pos"": [-21.6, 10.9, -11.4, -54.0, -74.9, -19.5, 35.0], ""right_arm_pos"": [-16.5, -9.6, 2.5, -82.3, 64.7, -8.2, -2.7], ""leg_profile_speed"": 0.5, ""leg_position_current"": 20.5, ""leg_speed_current"": 8.0, ""arm_profile_speed"": 0.5, ""arm_position_current"": 8.0, ""arm_speed_current"": 8.0, ""waist_pos"": [-8.8], ""waist_speed"": [0.2], ""head_pos"": [0.0, 0.0, 0.0], ""head_speed"": [0.2], ""left_finger_pos"": [0.0, 0.0, 0.0, 0.0, 1.0, 0.0], ""right_finger_pos"": [1.0, 1.0, 1.0, 1.0, 1.0, 0.0], ""left_finger_vel"": [1.0, 1.0, 1.0, 1.0, 1.0, 1.0], ""right_finger_vel"": [1.0, 1.0, 1.0, 1.0, 1.0, 1.0], ""hand_effort"": [1.0]}"
pregrasp,"{""leg_mode"": ""Position"", ""arm_mode"": ""Position"", ""left_leg_pos"": [-3.7, -19.0, 0.0, -1.619246606913263, 0.005259245660909818, -0.2], ""right_leg_pos"": [-4.4, -19.0, 0.0, 0.0, -0.005696377767790634, 0.9], ""left_arm_pos"": [-21.6, 10.9, -11.4, -54.0, -74.9, -19.5, 35.0], ""right_arm_pos"": [-16.5, -9.6, 2.5, -82.3, 64.7, -8.2, -2.7], ""leg_profile_speed"": 0.5, ""leg_position_current"": 20.5, ""leg_speed_current"": 8.0, ""arm_profile_speed"": 0.5, ""arm_position_current"": 8.0, ""arm_speed_current"": 8.0, ""waist_pos"": [-8.8], ""waist_speed"": [0.2], ""head_pos"": [0.0, 0.0, 0.0], ""head_speed"": [0.2], ""left_finger_pos"": [1.0, 1.0, 1.0, 1.0, 1.0, 0.0], ""right_finger_pos"": [1.0, 1.0, 1.0, 1.0, 1.0, 0.0], ""left_finger_vel"": [1.0, 1.0, 1.0, 1.0, 1.0, 1.0], ""right_finger_vel"": [1.0, 1.0, 1.0, 1.0, 1.0, 1.0], ""hand_effort"": [1.0]}"
prepick,"{""leg_mode"": ""Position"", ""arm_mode"": ""Position"", ""left_leg_pos"": [-3.7, -19.0, 0.0, -1.619246606913263, 0.005259245660909818, -0.2], ""right_leg_pos"": [-4.4, -19.0, 0.0, 0.0, -0.005696377767790634, 0.9], ""left_arm_pos"": [-64.7, 34.3, -11.4, -59.5, -46.9, 0.4, 5.9], ""right_arm_pos"": [-16.5, -9.6, 2.5, -82.3, 64.7, -8.2, -2.7], ""leg_profile_speed"": 0.5, ""leg_position_current"": 20.5, ""leg_speed_current"": 8.0, ""arm_profile_speed"": 0.5, ""arm_position_current"": 8.0, ""arm_speed_current"": 8.0, ""waist_pos"": [-8.8], ""waist_speed"": [0.2], ""head_pos"": [0.0, 0.0, 0.0], ""head_speed"": [0.2], ""left_finger_pos"": [1.0, 1.0, 1.0, 1.0, 1.0, 0.0], ""right_finger_pos"": [1.0, 1.0, 1.0, 1.0, 1.0, 0.0], ""left_finger_vel"": [1.0, 1.0, 1.0, 1.0, 1.0, 1.0], ""right_finger_vel"": [1.0, 1.0, 1.0, 1.0, 1.0, 1.0], ""hand_effort"": [1.0]}"
sim_ik_20260513_153449,"{""leg_mode"": ""Position"", ""arm_mode"": ""Position"", ""left_leg_pos"": [0.0, -0.0, 0.0, 0.0, -0.0, 0.0], ""right_leg_pos"": [0.0, 0.0, -0.0, 0.0, 0.0, 0.0], ""left_arm_pos"": [-37.92, 15.85, 2.88, -47.77, -84.14, -0.03, 8.45], ""right_arm_pos"": [-45.98, -32.25, 3.03, -78.06, 45.02, -19.15, 31.13], ""leg_profile_speed"": 0.5, ""leg_position_current"": 8.0, ""leg_speed_current"": 8.0, ""arm_profile_speed"": 0.5, ""arm_position_current"": 8.0, ""arm_speed_current"": 8.0, ""waist_pos"": [-5.0], ""waist_speed"": [0.2], ""head_pos"": [-0.01, -0.0, -0.02], ""head_speed"": [0.2], ""left_finger_pos"": [0.0, 0.0, 0.0, 0.0, 1.0, 0.0], ""right_finger_pos"": [0.0, 0.0, 0.0, 0.0, 1.0, 0.0], ""left_finger_vel"": [1.0, 1.0, 1.0, 1.0, 1.0, 1.0], ""right_finger_vel"": [1.0, 1.0, 1.0, 1.0, 1.0, 1.0], ""hand_effort"": [1.0]}"
sim_ik_20260513_153456,"{""leg_mode"": ""Position"", ""arm_mode"": ""Position"", ""left_leg_pos"": [0.0, -0.0, 0.0, 0.0, -0.0, 0.0], ""right_leg_pos"": [0.0, 0.0, -0.0, 0.0, 0.0, 0.0], ""left_arm_pos"": [-38.14, 15.48, 1.7, -44.58, -83.94, -0.1, 8.14], ""right_arm_pos"": [-46.21, -20.39, 10.81, -90.62, 53.92, -4.65, 36.36], ""leg_profile_speed"": 0.5, ""leg_position_current"": 8.0, ""leg_speed_current"": 8.0, ""arm_profile_speed"": 0.5, ""arm_position_current"": 8.0, ""arm_speed_current"": 8.0, ""waist_pos"": [-6.7], ""waist_speed"": [0.2], ""head_pos"": [-0.04, -0.0, -0.04], ""head_speed"": [0.2], ""left_finger_pos"": [0.0, 0.0, 0.0, 0.0, 1.0, 0.0], ""right_finger_pos"": [0.0, 0.0, 0.0, 0.0, 1.0, 0.0], ""left_finger_vel"": [1.0, 1.0, 1.0, 1.0, 1.0, 1.0], ""right_finger_vel"": [1.0, 1.0, 1.0, 1.0, 1.0, 1.0], ""hand_effort"": [1.0]}"
sim_ik_20260513_153501,"{""leg_mode"": ""Position"", ""arm_mode"": ""Position"", ""left_leg_pos"": [0.0, -0.0, 0.0, 0.0, -0.0, 0.0], ""right_leg_pos"": [0.0, 0.0, -0.0, 0.0, 0.0, 0.0], ""left_arm_pos"": [-38.31, 15.22, 0.79, -42.1, -83.78, -0.15, 7.93], ""right_arm_pos"": [-47.15, -6.92, 21.73, -98.03, 69.9, 11.63, 42.68], ""leg_profile_speed"": 0.5, ""leg_position_current"": 8.0, ""leg_speed_current"": 8.0, ""arm_profile_speed"": 0.5, ""arm_position_current"": 8.0, ""arm_speed_current"": 8.0, ""waist_pos"": [-3.77], ""waist_speed"": [0.2], ""head_pos"": [-0.05, -0.0, -0.07], ""head_speed"": [0.2], ""left_finger_pos"": [0.0, 0.0, 0.0, 0.0, 1.0, 0.0], ""right_finger_pos"": [0.0, 0.0, 0.0, 0.0, 1.0, 0.0], ""left_finger_vel"": [1.0, 1.0, 1.0, 1.0, 1.0, 1.0], ""right_finger_vel"": [1.0, 1.0, 1.0, 1.0, 1.0, 1.0], ""hand_effort"": [1.0]}"
sim_ik_20260513_153507,"{""leg_mode"": ""Position"", ""arm_mode"": ""Position"", ""left_leg_pos"": [0.0, -0.0, 0.0, 0.0, -0.0, 0.0], ""right_leg_pos"": [0.0, 0.0, -0.0, 0.0, 0.01, 0.0], ""left_arm_pos"": [-38.49, 14.95, -0.23, -39.32, -83.58, -0.21, 7.7], ""right_arm_pos"": [-45.31, -45.53, -3.69, -60.61, 40.03, -34.98, 25.34], ""leg_profile_speed"": 0.5, ""leg_position_current"": 8.0, ""leg_speed_current"": 8.0, ""arm_profile_speed"": 0.5, ""arm_position_current"": 8.0, ""arm_speed_current"": 8.0, ""waist_pos"": [0.27], ""waist_speed"": [0.2], ""head_pos"": [-0.06, -0.0, -0.08], ""head_speed"": [0.2], ""left_finger_pos"": [0.0, 0.0, 0.0, 0.0, 1.0, 0.0], ""right_finger_pos"": [0.0, 0.0, 0.0, 0.0, 1.0, 0.0], ""left_finger_vel"": [1.0, 1.0, 1.0, 1.0, 1.0, 1.0], ""right_finger_vel"": [1.0, 1.0, 1.0, 1.0, 1.0, 1.0], ""hand_effort"": [1.0]}"
sim_ik_20260513_153511,"{""leg_mode"": ""Position"", ""arm_mode"": ""Position"", ""left_leg_pos"": [0.0, -0.0, 0.0, 0.0, -0.0, 0.0], ""right_leg_pos"": [0.0, 0.0, -0.0, 0.0, 0.01, 0.0], ""left_arm_pos"": [-38.51, 14.83, -0.93, -37.32, -83.41, -0.25, 7.47], ""right_arm_pos"": [-32.38, -70.29, 0.89, -40.23, 25.66, -45.0, 8.08], ""leg_profile_speed"": 0.5, ""leg_position_current"": 8.0, ""leg_speed_current"": 8.0, ""arm_profile_speed"": 0.5, ""arm_position_current"": 8.0, ""arm_speed_current"": 8.0, ""waist_pos"": [11.77], ""waist_speed"": [0.2], ""head_pos"": [-0.06, -0.0, 0.02], ""head_speed"": [0.2], ""left_finger_pos"": [0.0, 0.0, 0.0, 0.0, 1.0, 0.0], ""right_finger_pos"": [0.0, 0.0, 0.0, 0.0, 1.0, 0.0], ""left_finger_vel"": [1.0, 1.0, 1.0, 1.0, 1.0, 1.0], ""right_finger_vel"": [1.0, 1.0, 1.0, 1.0, 1.0, 1.0], ""hand_effort"": [1.0]}"
sim_ik_20260513_153519,"{""leg_mode"": ""Position"", ""arm_mode"": ""Position"", ""left_leg_pos"": [0.0, -0.0, 0.0, 0.0, -0.0, 0.0], ""right_leg_pos"": [0.0, 0.0, -0.0, 0.0, 0.01, 0.0], ""left_arm_pos"": [-38.27, 14.85, -2.08, -33.3, -83.04, -0.35, 6.85], ""right_arm_pos"": [-29.52, -89.85, 60.68, -23.37, -8.32, -45.0, -26.9], ""leg_profile_speed"": 0.5, ""leg_position_current"": 8.0, ""leg_speed_current"": 8.0, ""arm_profile_speed"": 0.5, ""arm_position_current"": 8.0, ""arm_speed_current"": 8.0, ""waist_pos"": [19.23], ""waist_speed"": [0.2], ""head_pos"": [-0.06, -0.0, 0.49], ""head_speed"": [0.2], ""left_finger_pos"": [0.0, 0.0, 0.0, 0.0, 1.0, 0.0], ""right_finger_pos"": [0.0, 0.0, 0.0, 0.0, 1.0, 0.0], ""left_finger_vel"": [1.0, 1.0, 1.0, 1.0, 1.0, 1.0], ""right_finger_vel"": [1.0, 1.0, 1.0, 1.0, 1.0, 1.0], ""hand_effort"": [1.0]}"
siting-ik_pregraspr,"{""leg_mode"": ""Position"", ""arm_mode"": ""Position"", ""left_leg_pos"": [-3.71, -90.01, 0.01, 76.8, 0.01, -0.23], ""right_leg_pos"": [-4.4, -89.99, 0.01, 72.91, -0.01, 0.91], ""left_arm_pos"": [-23.26, 36.27, -3.26, -120.36, -57.44, 25.44, -46.55], ""right_arm_pos"": [-30.49, -8.45, -7.88, -114.53, 73.76, -1.09, 56.04], ""leg_profile_speed"": 0.5, ""leg_position_current"": 8.0, ""leg_speed_current"": 8.0, ""arm_profile_speed"": 0.5, ""arm_position_current"": 8.0, ""arm_speed_current"": 8.0, ""waist_pos"": [-3.02], ""waist_speed"": [0.2], ""head_pos"": [-0.04, 0.05, 0.03], ""head_speed"": [0.2], ""left_finger_pos"": [0.0, 0.0, 0.0, 0.0, 0.0, 0.0], ""right_finger_pos"": [0.0, 0.0, 0.0, 0.0, 0.0, 0.0], ""left_finger_vel"": [1.0, 1.0, 1.0, 1.0, 1.0, 1.0], ""right_finger_vel"": [1.0, 1.0, 1.0, 1.0, 1.0, 1.0], ""hand_effort"": [1.0]}"
sitting,"{""leg_mode"": ""Position"", ""arm_mode"": ""Position"", ""left_leg_pos"": [-3.7, -94.5, 0.0, 85.6, 0.0, -0.2], ""right_leg_pos"": [-4.4, -99.0, 0.0, 84.0, 0.0, 0.9], ""left_arm_pos"": [-24.1, 19.5, -1.3, -62.0, -67.2, 1.2, 12.8], ""right_arm_pos"": [-16.5, -9.6, 2.5, -82.3, 64.7, -8.2, -2.7], ""leg_profile_speed"": 0.5, ""leg_position_current"": 20.5, ""leg_speed_current"": 8.0, ""arm_profile_speed"": 0.5, ""arm_position_current"": 8.0, ""arm_speed_current"": 8.0, ""waist_pos"": [0.0], ""head_pos"": [0.0, 0.0, 0.0], ""left_finger_pos"": [0.92, 1.0, 0.8, 0.93, 1.0, 0.0], ""right_finger_pos"": [1.0, 1.0, 1.0, 1.0, 1.0, 0.0], ""left_finger_vel"": [1.0, 1.0, 1.0, 1.0, 1.0, 1.0], ""right_finger_vel"": [1.0, 1.0, 1.0, 1.0, 1.0, 1.0], ""hand_effort"": [1.0]}"
sitting-handsup,"{""leg_mode"": ""Position"", ""arm_mode"": ""Position"", ""left_leg_pos"": [-3.7, -90.0, 0.0, 76.8, 0.0, -0.2], ""right_leg_pos"": [-4.4, -90.0, 0.0, 72.9, 0.0, 0.9], ""left_arm_pos"": [-59.0, 60.2, 0.0, -60.2, -37.0, 0.3, -25.1], ""right_arm_pos"": [-59.0, -60.2, 0.0, -60.2, 37.0, 0.3, 25.1], ""leg_profile_speed"": 0.5, ""leg_position_current"": 20.5, ""leg_speed_current"": 8.0, ""arm_profile_speed"": 0.5, ""arm_position_current"": 8.0, ""arm_speed_current"": 8.0, ""waist_pos"": [0.0], ""head_pos"": [0.0, 0.0, 0.0], ""left_finger_pos"": [0.92, 1.0, 0.8, 0.93, 1.0, 0.0], ""right_finger_pos"": [1.0, 1.0, 1.0, 1.0, 1.0, 0.0], ""left_finger_vel"": [1.0, 1.0, 1.0, 1.0, 1.0, 1.0], ""right_finger_vel"": [1.0, 1.0, 1.0, 1.0, 1.0, 1.0], ""hand_effort"": [1.0]}"
sitting-ik_pregrasp_high,"{""leg_mode"": ""Position"", ""arm_mode"": ""Position"", ""left_leg_pos"": [-3.71, -90.01, 0.01, 76.8, 0.01, -0.24], ""right_leg_pos"": [-4.4, -89.99, 0.01, 72.91, -0.01, 0.91], ""left_arm_pos"": [-83.61, 46.68, 4.9, -39.08, -50.34, -36.44, -50.31], ""right_arm_pos"": [-73.25, -54.05, -25.39, -51.62, 51.67, -37.58, 63.62], ""leg_profile_speed"": 0.5, ""leg_position_current"": 8.0, ""leg_speed_current"": 8.0, ""arm_profile_speed"": 0.5, ""arm_position_current"": 8.0, ""arm_speed_current"": 8.0, ""waist_pos"": [5.42], ""waist_speed"": [0.2], ""head_pos"": [0.05, 0.05, 0.04], ""head_speed"": [0.2], ""left_finger_pos"": [0.0, 0.0, 0.0, 0.0, 0.0, 0.0], ""right_finger_pos"": [0.0, 0.0, 0.0, 0.0, 0.0, 0.0], ""left_finger_vel"": [1.0, 1.0, 1.0, 1.0, 1.0, 1.0], ""right_finger_vel"": [1.0, 1.0, 1.0, 1.0, 1.0, 1.0], ""hand_effort"": [1.0]}"
sitting-post,"{""leg_mode"": ""Position"", ""arm_mode"": ""Position"", ""left_leg_pos"": [-3.7, -90.0, 0.0, 76.8, 0.0, -0.2], ""right_leg_pos"": [-4.4, -90.0, 0.0, 72.9, 0.0, 0.9], ""left_arm_pos"": [-24.1, 19.5, -1.3, -62.0, -67.2, 1.2, 12.8], ""right_arm_pos"": [-16.5, -9.6, 2.5, -82.3, 64.7, -8.2, -2.7], ""leg_profile_speed"": 0.5, ""leg_position_current"": 20.5, ""leg_speed_current"": 8.0, ""arm_profile_speed"": 0.5, ""arm_position_current"": 8.0, ""arm_speed_current"": 8.0, ""waist_pos"": [0.0], ""head_pos"": [0.0, 0.0, 0.0], ""left_finger_pos"": [0.92, 1.0, 0.8, 0.93, 1.0, 0.0], ""right_finger_pos"": [1.0, 1.0, 1.0, 1.0, 1.0, 0.0], ""left_finger_vel"": [1.0, 1.0, 1.0, 1.0, 1.0, 1.0], ""right_finger_vel"": [1.0, 1.0, 1.0, 1.0, 1.0, 1.0], ""hand_effort"": [1.0]}"
sitting-pre,"{""leg_mode"": ""Position"", ""arm_mode"": ""Position"", ""left_leg_pos"": [-3.7, -90.0, 0.0, 8.3, 0.0, -0.2], ""right_leg_pos"": [-4.4, -90.0, 0.0, 16.6, 0.0, 0.9], ""left_arm_pos"": [-24.1, 19.5, -1.3, -62.0, -67.2, 1.2, 12.8], ""right_arm_pos"": [-16.5, -9.6, 2.5, -82.3, 64.7, -8.2, -2.7], ""leg_profile_speed"": 0.5, ""leg_position_current"": 20.5, ""leg_speed_current"": 8.0, ""arm_profile_speed"": 0.5, ""arm_position_current"": 8.0, ""arm_speed_current"": 8.0, ""waist_pos"": [0.0], ""head_pos"": [0.0, 0.0, 0.0], ""left_finger_pos"": [0.92, 1.0, 0.8, 0.93, 1.0, 0.0], ""right_finger_pos"": [1.0, 1.0, 1.0, 1.0, 1.0, 0.0], ""left_finger_vel"": [1.0, 1.0, 1.0, 1.0, 1.0, 1.0], ""right_finger_vel"": [1.0, 1.0, 1.0, 1.0, 1.0, 1.0], ""hand_effort"": [1.0]}"
sitting-turnoff,"{""leg_mode"": ""Position"", ""arm_mode"": ""Position"", ""left_leg_pos"": [-3.7, -90.2, 0.005491472092690252, 76.5, -0.005723698524470685, -0.2], ""right_leg_pos"": [3.6, -53.9, 0.005491472092690252, 72.9, 0.005286566417589869, 0.9], ""left_arm_pos"": [-11.0, 18.3, -1.4, -18.3, -19.2, 2.4, -5.2], ""right_arm_pos"": [-1.4, -22.3, 2.7320756680051004e-05, -31.6, 34.3, 0.3, 5.2], ""leg_profile_speed"": 0.5, ""leg_position_current"": 8.0, ""leg_speed_current"": 8.0, ""arm_profile_speed"": 0.5, ""arm_position_current"": 8.0, ""arm_speed_current"": 8.0, ""waist_pos"": [-2.7320756680051004e-05], ""head_pos"": [0.0, 0.0, 0.0], ""left_finger_pos"": [0.0, 0.0, 0.0, 0.0, 1.0, 0.0], ""right_finger_pos"": [0.0, 0.0, 0.0, 0.0, 1.0, 0.0], ""left_finger_vel"": [1.0, 1.0, 1.0, 1.0, 1.0, 1.0], ""right_finger_vel"": [1.0, 1.0, 1.0, 1.0, 1.0, 1.0], ""hand_effort"": [1.0]}"
sitting_rope_rotated,"{""leg_mode"": ""Position"", ""arm_mode"": ""Position"", ""left_leg_pos"": [2.7, 75.1, 15.2, 0.0, 30.0, 30.0], ""right_leg_pos"": [-14.8, -60.7, -5.8, 0.0, 30.0, 30.0], ""left_arm_pos"": [-26.6, 53.3, -1.3, -62.0, -67.2, 1.2, 12.8], ""right_arm_pos"": [-22.8, -63.2, 2.5, -82.3, 64.7, -8.2, -2.7], ""leg_profile_speed"": 0.5, ""leg_position_current"": 20.5, ""leg_speed_current"": 8.0, ""arm_profile_speed"": 0.5, ""arm_position_current"": 8.0, ""arm_speed_current"": 8.0, ""waist_pos"": [85.0], ""waist_speed"": [0.2], ""head_pos"": [0.0, 0.0, 0.0], ""head_speed"": [0.2], ""left_finger_pos"": [1.0, 1.0, 1.0, 1.0, 1.0, 0.0], ""right_finger_pos"": [1.0, 1.0, 1.0, 1.0, 1.0, 0.0], ""left_finger_vel"": [1.0, 1.0, 1.0, 1.0, 1.0, 1.0], ""right_finger_vel"": [1.0, 1.0, 1.0, 1.0, 1.0, 1.0], ""hand_effort"": [1.0]}"
